999;13;03;2016/000531;EQUIPAMIENTO SERVICIOS DE INNOVACIÓN Y CIUDAD INTELIGENTE;800000.0
999;13;03;2016/000531;EQUIPAMIENTO SERVICIOS DE INNOVACIÓN Y CIUDAD INTELIGENTE;1000000.0
998;13;03;2016/000493;ACTUACIONES DE INVESTIGACIÓN PARA DESARROLLO DE LA INNOVACIÓN;2000000.0
998;13;03;2016/000494;PROYECTO PARA FOMENTO DE LA INNOVACIÓN;5700000.0
999;00;01;2016/000532;EQUIPAMIENTO SECRETARÍA SERVICIOS COMUNES GERENCIA;215000.0
202;00;01;2016/000410;SEÑALIZACIÓN NUEVA SEDE AREA DE GOBIERNO EQUIDAD, DERECHOS SOCIALES Y EMPLEO;5000.0
202;00;01;2016/000005;EDIFICIO PASEO DE LA CHOPERA, 41. LÁMINAS DE CONTROL SOLAR DE LA CUBIERTA;58000.0
202;00;01;2016/000406;EDIFICIO Pº DE LA CHOPERA, 41.INSTALACIÓN PUERTA CORREDERA Y APERTURA AUTOMÁTICA;60000.0
202;00;01;2016/000409;EDIFICIO Pº DE LA CHOPERA, 41. INSTALACIÓN ESTORES MOTORIZADOS CUBIERTA;260000.0
202;00;01;2016/000407;EDIFICIO Pº DE LA CHOPERA, 41. INSTALACIÓN TORNOS ENTRADA;50000.0
999;00;01;2016/000337;SERVICIOS ADMINISTRATIVOS ÁREA EQUIDAD, DERECHOS SOCIALES Y EMPLEO. MOBILIARIO;150000.0
998;11;03;2016/000367;MOBILIARIO PARA LOS CENTROS JUVENILES;5000.0
998;11;03;2016/000404;SEÑALÉTICA PARA LOS CENTROS JUVENILES;1500.0
998;03;00;2016/000403;MOBILIARIO PARA LOS CENTROS DE DÍA DE MAYORES;614803.0
998;03;06;2016/000355;EQUIPAMIENTO CENTROS DE ATENCIÓN A PERSONAS SIN HOGAR;8000.0
998;03;06;2016/000355;EQUIPAMIENTO CENTROS DE ATENCIÓN A PERSONAS SIN HOGAR;4000.0
998;03;06;2016/000362;MOBILIARIO PARA LOS CENTROS ATENCIÓN A PERSONAS SIN HOGAR;138000.0
209;03;06;2016/000393;CENTRO DE ACOGIDA SAN ISISDRO. INSTALACIÓN COMPRESORES;50000.0
209;03;06;2016/000400;CENTRO ACOGIDA SAN ISIDRO. PULSADORES DE EMERGENCIA;15000.0
209;03;06;2016/000401;CENTRO ACOGIDA SAN ISIDRO. INSTALACIÓN CORTINA DE AIRE;5000.0
209;03;06;2016/000402;CENTRO ACOGIDA SAN ISIDRO. SUSTITUCIÓN PUERTAS EMERGENCIA SALON ACTOS;6000.0
998;05;01;2016/000370;ESCUELAS INFANTILES. INSTALACIÓN DE PÉRGOLAS;21780.0
998;05;01;2016/000374;ESCUELAS INFANTILES DE LA CIUDAD DE MADRID. MOBILIARIO;89578.0
201;05;00;2016/000459;RESIDENCIA INTERNADO SAN ILDEFONSO. MOBILIARIO Y ENSERES;5000.0
998;05;01;2016/000375;EQUIPAMIENTO ESCUELAS INFANTILES DE LA CIUDAD DE MADRID;3000.0
998;05;01;2016/000375;EQUIPAMIENTO ESCUELAS INFANTILES DE LA CIUDAD DE MADRID;600.0
998;05;01;2016/000371;ESCUELAS INFANTILES DE LA CIUDAD DE MADRID. MATERIAL DIDÁCTICO;6500.0
998;05;01;2016/000374;ESCUELAS INFANTILES DE LA CIUDAD DE MADRID. MOBILIARIO;103030.0
998;05;01;2016/000371;ESCUELAS INFANTILES DE LA CIUDAD DE MADRID. MATERIAL DIDÁCTICO;18000.0
999;05;05;2016/000378;EQUIPAMIENTO RESIDENCIA INTERNADO NUESTRA SEÑORA DE LA PALOMA, CERCEDILLA;500.0
999;05;05;2016/000378;EQUIPAMIENTO RESIDENCIA INTERNADO NUESTRA SEÑORA DE LA PALOMA, CERCEDILLA;1000.0
209;05;05;2016/000381;EQUIPAMIENTO ESCUELA DE CERÁMICA DE MONCLOA;5500.0
998;05;03;2016/000383;ESCUELAS DE MÚSICA. INSTRUMENTOS;6500.0
201;05;03;2016/000384;EQUIPAMIENTO ESCUELA MUNICIPAL MUSICA SAN ANTON;6400.0
209;05;05;2016/000381;EQUIPAMIENTO ESCUELA DE CERÁMICA DE MONCLOA;1500.0
999;05;05;2016/000385;RESIDENCIA NUESTRA SEÑORA DE LA PALOMA, CERCEDILLA. SANEAMIENTO Y REPOSICIÓN ALJIBES;8000.0
998;00;02;2016/000061;CAMARAS ROBOTICAS DIGITALES PARA LOS DISTRITOS DE LA CIUDAD DE MADRID;420000.0
999;00;01;2016/000364;EQUIPAMIENTO SERVICIOS PORTAVOZ, COORDINACIÓN JUNTA GOBIERNO Y RELACIONES PLENO;96000.0
999;00;01;2016/000463;EQUIPOS COMPLETOS  DE GRABACIÓN PARA MEDIOS DE COMUNICACIÓN;30000.0
998;14;01;2016/000504;ESTUDIOS PREVIOS E INTERVENCIÓN EN ESPACIOS DE ACTIVIDAD ECONÓMICA DE LA CIUDAD;1200000.0
217;14;01;2016/000502;CATEDRAL DE LAS NUEVAS TECNOLOGÍAS EN NAVE TORROJA. OBRAS DE ADAPTACIÓN;60500.0
999;13;01;2009/000478;CENSO DE LOCALES DE LA CIUDAD DE MADRID. ELABORACIÓN;30000.0
999;00;01;2016/000230;EQUIPAMIENTO SERVICIOS ADMINISTRATIVOS ÁREA DE GOBIERNO ECONOMÍA Y HACIENDA;5000.0
999;00;01;2016/000230;EQUIPAMIENTO SERVICIOS ADMINISTRATIVOS ÁREA DE GOBIERNO ECONOMÍA Y HACIENDA;1000.0
999;00;01;2016/000230;EQUIPAMIENTO SERVICIOS ADMINISTRATIVOS ÁREA DE GOBIERNO ECONOMÍA Y HACIENDA;3000.0
217;05;01;2007/000116;ESCUELA INFANTIL BARRIO DE BUTARQUE. CONSTRUCCIÓN;600000.0
219;01;01;2008/000631;PARQUE DE BOMBEROS Y EDIFICIO SAMUR C/TRANSFORMADOR. CONSTRUCCIÓN;100000.0
209;05;01;2008/000788;ESCUELA INFANTIL EN VALDEZARZA, C/ISLAS BISAGOS. CONSTRUCCIÓN;675000.0
214;05;01;2008/000794;ESCUELA INFANTIL C/CAÑÓN RÍO LOBOS C/V. C/PROVENZA. CONSTRUCCIÓN;725000.0
201;01;01;2014/000180;PARQUE DE BOMBEROS Y SAMUR C/SAN BERNARDO, 68. CONSTRUCCIÓN;232529.0
203;03;01;2014/000442;CENTRO DE MAYORES C/ PEZ AUSTRAL, BARRIO DE LA ESTRELLA. CONSTRUCCIÓN;951643.0
998;00;03;2016/000269;ESTUDIOS Y TRABAJOS TÉCNICOS. OBRAS DE NUEVA PLANTA;300000.0
219;00;03;2016/000275;NAVE PARA ALMACEN MUNICIPAL, C/AHUMADOS, 27. CONSTRUCCION;1300000.0
213;03;02;2016/000277;CENTRO DE SERVICIOS SOCIALES ENTREVIAS, C/ YUSTE, 8. AMPLIACIÓN;400000.0
207;11;01;2016/000338;DEPORTIVO VALLEHERMOSO. CONSTRUCCION PISTA DE ATLETISMO;500000.0
206;11;01;2016/000339;INSTALACIÓN DEPORTIVA  CUATRO CAMINOS. CONSTRUCCIÓN;500000.0
218;11;01;2016/000341;INSTALACIÓN DEPORTIVA ENSANCHE DE VALLECAS (PAU VALLECAS). CONSTRUCCIÓN;500000.0
220;11;01;2016/000342;INSTALACIÓN DEPORTIVA LAS ROSAS, C/ CALABRIA. CONSTRUCCIÓN;500000.0
220;11;01;2016/000343;INSTALACIÓN DEPORTIVA EL SALVADOR C/ MARQUESADO DE SANTA MARTA, 2-4-6. CONSTRUCCIÓN;575000.0
219;10;03;2016/000427;CENTRO CULTURAL EN VALDERRIVAS, C/ TITANIO. CONSTRUCCIÓN;460000.0
201;11;01;2016/000470;CENTRO DEPORTIVO C/COSTANILLA DESAMPARADOS, 15 C/V A C/FÚCAR, 6. CONSTRUCCIÓN;400000.0
209;03;01;2016/000475;CENTRO DE MAYORES Y SERVICIOS SOCIALES TRAVESÍA CAÑO, 5. CONSTRUCCIÓN;250000.0
217;14;01;2016/000505;FACTORÍA INDUSTRIAL EN VILLAVERDE (LA RESINA). CONSTRUCCIÓN;1400000.0
202;05;01;2016/000526;ESCUELA INFANTIL C/EROS,2. CONSTRUCCIÓN;200000.0
208;05;01;2016/000527;ESCUELA INFANTIL SAN MIGUEL DEL CAMINO. CONSTRUCCIÓN;200000.0
208;05;01;2016/000528;ESCUELA INFANTIL C/MONASTERIO DEL PAULAR. CONSTRUCCIÓN;200000.0
210;03;01;2016/000529;CENTRO DE MAYORES AVENIDA DE LA AVIACIÓN. CONSTRUCCIÓN;250000.0
210;03;00;2016/000530;CENTRO DE DÍA C/FUERTE DE NAVIDAD. CONSTRUCCIÓN;250000.0
201;11;04;2016/000533;ESPACIO CIUDADANO LA CEBADA. CONSTRUCIÓN;100000.0
218;14;01;2016/000534;FACTORÍA INDUSTRIAL LA ATALAYUELA. CONSTRUCCIÓN;50000.0
208;10;03;2016/000535;CENTRO CULTURAL C/PALAS DEL REY. CONSTRUCCIÓN;200000.0
208;10;00;2016/000536;BIBLIOTECA AV. MONASTERIO DE SILOS. CONSTRUCCIÓN;200000.0
212;11;03;2016/000537;CENTRO JUVENIL ZOFIO. CONSTRUCCIÓN;100000.0
218;03;02;2016/000538;CENTRO DE SERVICIOS SOCIALES ENSANCHE DE VALLECAS. CONSTRUCCIÓN;100000.0
221;11;01;2016/000539;POLIDEPORTIVO C/MISTRAL, ENSANCHE DE BARAJAS. CONSTRUCCIÓN;100000.0
203;05;01;2016/000544;ESCUELA INFANTIL EN BARRIO DE ADELFAS. CONSTRUCCIÓN;300000.0
221;03;07;2016/000545;ESCUELA DE HOSTELERÍA DE HORTALEZA. CONSTRUCCIÓN;500000.0
216;11;01;2016/000549;CENTRO DEPORTIVO HORTALEZA. CONSTRUCCIÓN PISTA DE ATLETISMO;300000.0
207;11;01;2016/000552;ESPACIO POLIVALENTE PARA USOS DEPORTIVOS VALLEHERMOSO. CONSTRUCCIÓN;200000.0
998;00;03;2016/000284;ADECUACION REDES DE SERVICIOS EN EDIFICIOS MUNICIPALES;150000.0
209;00;01;2013/000384;PABELLONES 47, 49 Y 29 CASA DE CAMPO. REHABILITACIÓN PARA CIUDAD DE LA SEGURIDAD;3376832.0
201;00;01;2014/000179;EDIFICIO PLAZA DE LA VILLA, 5. OBRAS DE ADAPTACIÓN DE ESPACIOS;131778.0
998;00;03;2015/000189;OBRAS DERIVADAS DE LA INSPECCIÓN TÉCNICA DE EDIFICIOS Y REGLAMENTO BAJA TENSIÓN;2180000.0
998;00;03;2016/000285;OBRAS DE CONSERVACION Y MANTENIMIENTO EN EDIFICIOS MUNICIPALES;1980000.0
998;00;03;2016/000287;ESTUDIOS Y TRABAJOS TÉCNICOS. OBRAS DE REFORMA;304705.0
202;00;01;2016/000291;EDIFICIO PLAZA DE LEGAZPI, 7. REHABILITACION EDIFICIO PARA SERVICIOS ADMINISTRATIVOS;800000.0
210;03;00;2016/000292;CENTRO DE ALZHEIMER DE LA C/ALHAMBRA. OBRAS DE SUBSANACIÓN DE DAÑOS;600000.0
201;00;03;2016/000293;CASA DUQUESA DE SUECA. ACONDICIONAMIENTO;2000000.0
220;00;03;2016/000294;CONSTRUCCIONES FINCA TORRE ARIAS. ACONDICIONAMIENTO Y ESTANQUEIDAD;1000000.0
202;00;03;2016/000297;EDIFICIO C/ PLOMO, 14. OBRAS DE ACONDICIONAMIENTO;100000.0
209;00;01;2016/000345;"ACONDICIONAMIENTO EDIFICIO ""CUBO"" Y ESPACIOS EXTERIORES DEL PABELLON DE LA PIPA";250000.0
207;05;03;2016/000348;EDIFICIO C/ ALBERTO AGUILERA, 20. OBRAS ADAPTACIÓN PARA ESCUELA DE MÚSICA;550000.0
201;00;01;2016/000349;EDIFICIO C/ SAN BERNARDO,68. ACONDICIONAMIENTO PLANTAS TERCERA A SEXTA;400000.0
998;11;01;2016/000350;OBRAS DE ACCESIBILIDAD EN CENTROS DEPORTIVOS MUNICIPALES;400000.0
207;00;03;2016/000435;EDIFICIO C/VALLEHERMOSO, 47 C/V C/FERNÁNDEZ DE LOS RIOS, 87. REHABILITACIÓN;350000.0
214;11;01;2016/000477;CENTRO DEPORTIVO DE MORATALAZ. REFORMA PISCINA DE VERANO;200000.0
214;11;01;2016/000478;CENTRO DEPORTIVO LA ELIPA. REFORMA FRONTÓN Y CAMPO DE BEISBOL;200000.0
209;00;02;2016/000479;EDIFICIO SEDE DISTRITO DE MONCLOA-ARAVACA. REFORMA INTEGRAL;500000.0
998;00;03;2016/000503;OBRAS SUBSANACIÓN DE PATOLOGÍAS EN EDIFICIOS MUNICIPALES;2300000.0
207;00;03;2016/000542;FRONTÓN BETI JAI. REHABILITACIÓN;500000.0
215;03;00;2016/000543;CENTRO DE DÍA DE MAYORES CANAL DE PANAMÁ. OBRAS DE ACONDICIONAMIENTO;100000.0
217;10;03;2016/000548;CENTROS CULTURALES DISTRITO VILLAVERDE. ADAPTACIÓN ESPACIOS PARA SALAS DE LECTURA;100000.0
209;06;01;2016/000344;ACONDICIONAMIENTO ENTORNO CUARTEL INFANTE DON JUAN. OBRAS DE URBANIZACIÓN;300000.0
998;01;01;2016/000081;EDIFICIOS SERVICIOS DE BOMBEROS. OBRAS DE REFORMA;3866450.0
998;01;00;2016/000082;EDIFICIOS SERVICIOS POLICÍA MUNICIPAL Y SAMUR. OBRAS DE REFORMA;2457870.0
998;01;00;2016/000223;CENTRO INTEGRAL FORMACIÓN SEGURIDAD Y EMERGENCIAS. ACTUALIZACIÓN SISTEMAS SEGURIDAD;120000.0
998;01;00;2016/000202;EQUIPAMIENTO CENTRO INTEGRAL DE FORMACIÓN DE SEGURIDAD Y EMERGENCIAS;13000.0
998;01;00;2016/000202;EQUIPAMIENTO CENTRO INTEGRAL DE FORMACIÓN DE SEGURIDAD Y EMERGENCIAS;5000.0
998;01;00;2016/000202;EQUIPAMIENTO CENTRO INTEGRAL DE FORMACIÓN DE SEGURIDAD Y EMERGENCIAS;12000.0
210;01;00;2016/000225;CENTRO INTEGRAL FORMACIÓN SEGURIDAD Y EMERGENCIAS. OBRAS DE REFORMA Y MEJORA;20000.0
998;01;00;2016/000226;ARCOS Y SCANERS PARA LOS SERVICIOS DE LA POLICÍA MUNICIPAL;38000.0
998;01;00;2016/000200;MATERIAL PARA LA AUTOMATIZACIÓN DE DEPENDENCIAS DE LA POLICÍA MUNICIPAL;8000.0
998;01;00;2016/000203;BICICLETAS PARA SERVICIOS DE LA POLICÍA MUNICIPAL;20000.0
998;01;00;2016/000399;VEHÍCULOS PARA LOS SERVICIOS DE LA POLICÍA MUNICIPAL;1000000.0
998;01;00;2016/000217;EQUIPAMIENTO PARA LAS UNIDADES Y DEPENDENCIAS DE LA POLICÍA MUNICIPAL;450000.0
998;01;00;2016/000260;EQUIPOS DE COMUNICACIÓN PARA LA POLICÍA MUNICIPAL;357500.0
998;01;00;2016/000207;EQUIPOS PARA EDICIÓN DE VÍDEO SERVICIOS POLICÍA MUNICIPAL;8000.0
209;01;00;2016/000209;CENTRO SEGURIDAD Y EMERGENCIAS. ACTUALIZACIÓN TECNOLÓGICA Y MANTENIMIENTO GLOBAL;3010291.0
998;01;00;2016/000210;CABALLOS Y PERROS PARA LOS SERVICIOS DE LA POLICÍA MUNICIPAL;20000.0
998;01;00;2016/000212;ETILÓMETROS Y ALCOHOLÍMETROS PARA LOS SERVICIOS DE LA POLICÍA MUNICIPAL;75000.0
998;01;00;2016/000215;INSTRUMENTOS MUSICALES PARA LA BANDA DE LA POLICÍA MUNICIPAL;21000.0
999;00;01;2016/000255;VIDEOVIGILANCIA POR CIRCUITO CERRADO DE TELEVISIÓN PARKING SACRAMENTO;7311.0
999;00;01;2016/000256;VIDEOVIGILANCIA POR CIRCUITO CERRADO DE TELEVISIÓN EDIFICIO PRÍNCIPE DE VERGARA;15761.0
209;01;00;2016/000257;VIDEOVIGILANCIA POR CIRCUITO CERRADO DE TELEVISIÓN CIUDAD DE LA SEGURIDAD;12336.0
209;01;00;2016/000258;CENTRO SEGURIDAD Y EMERGENCIAS. MIGRACIÓN SISTEMA DE CONTROL DE ACCESO;66166.0
998;01;00;2016/000259;COMPONENTES PARA LAS CÁMARAS DE VIDEOVIGILANCIA PÚBLICAS;21000.0
998;01;00;2016/000262;CÁMARAS DE VIDEO PARA LOS SERVICIOS DE LA POLICÍA MUNICIPAL;36000.0
998;01;00;2016/000263;TACÓGRAFOS PARA LOS SERVICIOS DE POLICÍA MUNICIPAL;1000.0
998;01;00;2016/000217;EQUIPAMIENTO PARA LAS UNIDADES Y DEPENDENCIAS DE LA POLICÍA MUNICIPAL;250000.0
999;01;00;2016/000219;LICENCIAS SOFTWARE PARA LOS SERVICIOS DE LA POLICÍA MUNICIPAL;200.0
998;01;02;2016/000109;MAQUINARIA PARA SAMUR-PROTECCIÓN CIVIL;275000.0
998;01;02;2016/000110;VEHÍCULOS PARA SAMUR-PROTECCIÓN CIVIL;950000.0
209;01;02;2016/000115;BASE 0 DE SAMUR-PROTECCIÓN CIVIL. MOBILIARIO;100000.0
998;01;02;2016/000112;EQUIPOS DE COMUNICACIÓN PARA SAMUR-PROTECCIÓN CIVIL;32000.0
998;01;02;2016/000113;NUEVO MATERIAL ESPECÍFICO PARA SAMUR-PROTECCIÓN CIVIL;67825.0
998;01;02;2016/000114;DESFIBRILADORES PARA SAMUR-PROTECCIÓN CIVIL;200000.0
209;01;02;2016/000115;BASE 0 DE SAMUR-PROTECCIÓN CIVIL. MOBILIARIO;250000.0
998;01;02;2014/000084;EQUIPOS DE COMUNICACIÓN SAMUR - PROTECCIÓN CIVIL;231056.0
998;01;02;2016/000117;APLICACIÓN INFORMÁTICA PARA SAMUR-PROTECCIÓN CIVIL;90000.0
998;01;01;2016/000100;ÚTILES Y HERRAMIENTAS PARA LOS SERVICIOS DE BOMBEROS;1200000.0
998;01;01;2016/000101;REMOLQUE  ESPUMÓGENO PARA LOS SERVICIOS DE BOMBEROS;40000.0
998;01;01;2016/000103;EQUIPOS DE COMUNICACIÓN PARA LOS SERVICIOS DE BOMBEROS;340000.0
998;01;01;2016/000104;EDIFICIOS SERVICIOS DE BOMBEROS. INSTALACIONES;200000.0
998;01;01;2016/000105;VEHÍCULOS PARA LOS SERVICIOS DE BOMBEROS;381000.0
201;01;01;2016/000106;PARQUE DE BOMBEROS 6. MOBILIARIO;150000.0
204;01;01;2016/000107;CENTRO INTEGRADO SEGURIDAD Y EMERGENCIAS, C/RUFINO BLANCO. EQUIPOS DE COMUNICACIÓN;260000.0
998;01;01;2016/000108;APLICACIÓN INFORMÁTICA PARA LOS SERVICIOS DE BOMBEROS;240000.0
998;12;00;2016/000392;MOBILIARIO ADAPTADO PARA PERSONAS CON DISCAPACIDAD OFICINAS LÍNEA MADRID;50400.0
999;00;01;2016/000159;EQUIPAMIENTO SERVICIOS PARTICIPACIÓN CIUDADANA, TRANSPARENCIA Y GOBIERNO ABIERTO;700.0
998;12;00;2016/000377;OFICINAS ATENCIÓN AL CIUDADANO LÍNEA MADRID. REFORMAS Y MEJORAS ACCESIBILIDAD;265000.0
998;12;00;2016/000398;EQUIPAMIENTO OFICINAS ATENCIÓN AL CIUDADANO LÍNEA MADRID;18000.0
998;12;00;2016/000398;EQUIPAMIENTO OFICINAS ATENCIÓN AL CIUDADANO LÍNEA MADRID;3000.0
998;12;00;2016/000396;OFICINAS ATENCIÓN AL CIUDADANO LÍNEA MADRID. SEÑALIZACIÓN EXTERIOR;13000.0
999;13;00;2016/000298;DISCOS DUROS PARA ALMACENAMIENTO DE INFORMACIÓN GEOGRÁFICA;1000.0
999;00;01;2006/000513;SOPORTES Y DESARROLLOS CARTOGRÁFICOS URBANISMO;53566.0
998;06;00;2003/001006;ADQUISICIÓN DE SUELO EN PARQUE LINEAL MANZANARES SUR. ZONA VERDE;21856083.0
209;06;00;2013/000247;ADQUISICIÓN DE SUELO CAMINO DE VIEJO DE POZUELO, 13 Y 15;7407420.0
213;06;00;2015/000229;ADQUISICIÓN DE SUELO C/ ENRIQUE VELASCO, 16;855929.0
998;06;00;2016/000303;ADQUISICIÓN SUELO ZONAS VERDES Y VIARIO;9532917.0
216;06;00;2016/000310;ADQUISICIÓN DE SUELO EN C/ DESAGUE DEL CANAL, 4;146486.0
209;06;00;2016/000311;ADQUISICIÓN DE SUELO TIERRA AL SITIO DE ARROYO DE MAZACOTE;1232000.0
210;06;00;2016/000312;ADQUISICIÓN DE SUELO CARRETERA DE CARABANCHEL A ARAVACA, 28;487200.0
215;06;00;2016/000313;ADQUISICIÓN DE SUELO C/ LOS COLLADOS, 9-11;80000.0
209;06;00;2016/000314;ADQUISICIÓN SUELO EN C/ VALDELINARES, 7 C/V A C/DARÍO APARICIO;250000.0
221;06;00;2016/000315;ADQUISICIÓN DE SUELO EN AVENIDA DE LA HISPANIDAD, C/MEDINA DE POMAR, 1;2914860.0
216;06;00;2016/000317;ADQUISICIÓN DE SUELO EN C/ ROQUETAS DE MAR, 10;1529266.0
218;06;02;2003/001140;SUELO URBANIZABLE PROGRAMADO ENSANCHE VALLECAS 1.03;85900.0
221;06;02;2003/001141;SUELO URBANIZABLE PROGRAMADO ENSANCHE DE BARAJAS 1.01;57896.0
209;06;02;2003/001151;AREA DE PLANEAMIENTO REMITIDO 09.03 BULEVAR ARROYO DE LOS PINOS;2660.0
202;06;02;2003/001153;URBANIZACIÓN MAESTRO ARBÓS Y C/DEL SOTO APR 02.11;9855.0
219;06;02;2004/001018;AREA DE PLANEAMIENTO REMITIDO 19.04 LA DEHESA;192314.0
208;06;02;2004/001020;ARROYO DEL FRESNO. JUNTA DE COMPENSACIÓN;149409.0
216;06;02;2004/001154;CIUDAD AEROPORTUARIA - PARQUE VALDEBEBAS. URBANIZACIÓN;598040.0
202;06;02;2007/010240;ÁREA PLANEAMIENTO REMITIDO 02.06 MÉNDEZ ALVARO NORTE I. COMPENSACIÓN;456626.0
219;06;02;2009/000488;UZP 2.03 DESARROLLO DEL ESTE LOS AHIJONES. COMPENSACIÓN;211127.0
208;06;02;2010/000216;ÁREA DE PLANEAMIENTO REMITIDO 08.01 CALLE CANTALEJO. COMPENSACIÓN;13301.0
218;06;02;2010/000393;SUELO URBANIZABLE PROGRAMADO 3.01 DESARROLLO DEL ESTE VALDECARROS;122304.0
202;06;02;2014/000198;JUNTA DE COMPENSACIÓN PLANETARIO MENESES. OBRAS DE URBANIZACIÓN;274864.0
217;06;02;2015/000464;CALLE LENGUAS ESTE. URBANIZACIÓN A TRAVÉS DEL SISTEMA DE COMPENSACIÓN;4630.0
203;06;05;2003/001086;ADQUISICIÓN DE SUELO ADELFAS API 03.05;7118.0
217;06;05;2006/001096;ADQUISICIÓN SUELO C/DOMINGO PÁRRAGA C/V.ALBERTO PALACIOS. EQUIPAMIENTOS;1460000.0
201;06;05;2014/000134;ADQUISICIÓN SUELO C/ SANTIAGO EL VERDE, 13;181420.0
218;06;05;2014/000308;ADQUISICIÓN DE SUELO CAMINO DE VASARES S/N - AV. DE SANTA EUGENIA;6857600.0
998;06;05;2016/000322;ADQUISICIÓN SUELO PATRIMONIAL;10482050.0
213;06;05;2016/000323;ADQUISICIÓN DE SUELO C/ CALERO PITA Y C/ MIGUEL ROCA, 33;631097.0
998;00;03;2016/000281;ADOPCIÓN MEDIDAS DE SEGURIDAD Y CONSOLIDACIONES EN EDIFICIOS MUNICIPALES;6000000.0
998;06;00;2016/000283;DERRIBOS EN ÁMBITOS DE EXPROPIACIÓN;1167329.0
998;06;01;2016/000288;URBANIZACIÓN DE SUELO EN EL TÉRMINO MUNICIPAL DE MADRID;127345.0
998;06;05;2016/000290;DERRIBOS EN SUELO PATRIMONIAL;2101192.0
209;06;03;2003/001091;POLÍGONO DE COOPERACIÓN EMERENCIANA ZURILLA;1000000.0
211;06;03;2011/000201;CASCO HISTÓRICO CARABANCHEL ALTO, U.E.2 CALLEJÓN JOSÉ CABRERA. COOPERACIÓN;80111.0
209;06;03;2015/000358;ÁREA PLANEAMIENTO INCORPORADO 09.18 C/ BERMEO. URBANIZACIÓN SISTEMA COOPERACIÓN;126000.0
215;06;01;2015/000200;CALLE AÑASTRO, 3. OBRAS DE URBANIZACIÓN;100000.0
211;06;01;2015/000201;CALLE BALTANÁS, 19. OBRAS DE URBANIZACIÓN;53245.0
209;06;01;2015/000365;C/ PICO DE LA MIEL, 3 Y 5. OBRAS DE URBANIZACIÓN;89599.0
998;07;01;2011/000318;MADRID CALLE 30 S.A. INVERSIONES DE REPOSICIÓN;27014425.0
201;06;01;2014/000435;ENTORNO DEL BARRIO DE CHUECA. OBRAS DE REMODELACIÓN;1500000.0
998;07;06;2015/000226;ANILLO VERDE CICLISTA. OBRAS DE REMODELACIÓN;2000000.0
217;08;02;2013/000118;SISTEMAS DE PAVIMENTACIÓN ANTICONTAMINANTE. DISTRITO VILLAVERDE;11661.0
998;08;02;2016/000421;PLAN DE PAVIMENTACIÓN DE ACERAS EN BARRIOS.FASE I;1670000.0
998;08;02;2016/000422;SEGURIDAD VIAL EN LOS PAUS MONTE CARMELO, LAS TABLAS, S.CHINARRO Y VALLECAS. MEJORA.FASE I;920000.0
998;08;02;2016/000424;PLAN DE PAVIMENTACIÓN DE CALZADAS EN BARRIOS. FASE I;4670000.0
213;08;02;2016/000517;AV. DE LA ALBUFERA. AMPLIACIÓN DE ACERA;100000.0
203;06;06;2004/001049;ÁREA DE PLANEAMIENTO INCORPORADO 03.05 ADELFAS;1700000.0
202;06;06;2015/000368;URBANIZACIÓN SUELO PATRIMONIAL ÁMBITO ÁGUILA-ALCATEL API 02.18;163645.0
211;06;06;2016/000518;C/ ZAIDA, JOSE Mª PEMÁN Y ELVIRA BARRIOS API 11.09 CARABANCHEL. URBANIZACIÓN;205000.0
213;06;06;2016/000519;APR 13.01 SIERRA TOLEDANA. URBANIZACIÓN;850000.0
209;07;04;2006/000883;ENLACE PEATONAL URBANIZACIÓN ROSA DE LUXEMBURGO Y CASA CAMPO.CONSTRUCCIÓN;450000.0
206;06;04;2014/000461;REMODELACIÓN PLAZA CARLOS TRIAS BERTRAN;519091.0
201;06;01;2015/000207;PLAZA DE ESPAÑA. OBRAS DE REMODELACIÓN;1650000.0
998;06;01;2016/000332;DESARROLLO PLANES DE BARRIO. OBRAS DE URBANIZACIÓN;4244481.0
201;06;01;2016/000334;CALLE ATOCHA Y PLAZA DE JACINTO BENAVENTE. REURBANIZACIÓN;2400000.0
998;09;00;2016/000416;PARQUE LINEAL DEL MANZANARES SUR FASE II. ACONDICIONAMIENTO;639998.0
201;06;01;2016/000513;ÁMBITO DEL VIADUCTO. MEJORA PAISAJE URBANO;150000.0
209;06;01;2016/000514;C/ ANTONIO MACHADO. OBRAS DE REMODELACIÓN;200000.0
998;06;01;2016/000525;ADECUACIÓN DE VIALES Y ACCESIBILIDAD EN VARIOS DISTRITOS DE LA CIUDAD;4108141.0
210;07;06;2015/000212;CARRETERA DE LA FORTUNA. ADECUACIÓN VIARIO PÚBLICO;1590858.0
218;07;06;2015/000222;CONEXIÓN C/ FRANCISCO ÁLVAREZ CON GLORIETA CARRETERA VALDEMINGÓMEZ;273917.0
218;08;02;2015/006005;CAMINO ERAR GAVIA. MEJORA FIRME DEL VIAL;1021664.0
218;07;06;2016/000540;ACCESO SUBTERRÁNEO AL HOSPITAL INFANTA LEONOR. CONSTRUCCIÓN;720000.0
201;09;00;2014/000471;JARDINES PLAZA ARQUITECTO RIBERA. ADECUACIÓN;1565052.0
201;09;00;2015/000214;JARDINES DE SABATINI. ADECUACIÓN;1060000.0
201;08;00;2016/000515;ILUMINACIÓN INTEGRAL DE LA PLAZA MAYOR;250000.0
216;08;00;2016/000516;CALLE 4 VALDEBEBAS. ILUMINACIÓN;279525.0
998;02;00;2010/000065;SEÑALIZACIÓN ESPECIAL: ZONAS ESCOLARES Y PASOS DE PEATONES;99279.0
998;02;00;2016/000192;CIRCUITO CERRADO ESCUELAS PARTICULARES DE CONDUCTORES. CONSTRUCCIÓN;240000.0
998;02;00;2016/000193;SANITARIOS PARA AUTOTAXIS DE USO ECLUISIVO. INSTALACIÓN;910000.0
201;02;00;2016/000550;AMPLIACIÓN ÁREA PRIORIDAD RESIDENCIAL A LOS BARRIOS DE JUSTICIA Y UNIVERSIDAD;300000.0
998;02;00;2016/000069;LECTOR DE MATRICULAS PARA APLICACIÓN PROTOCOLO DE CALIDAD DEL AIRE. ADQUISICIÓN;21000.0
998;02;00;2016/000078;RADAR PARA LOS AGENTES DE MOVILIDAD. ADQUISICIÓN;21800.0
998;02;00;2016/000073;BICICLETAS PARA LOS AGENTES DE MOVILIDAD. ADQUISICIÓN;33000.0
998;02;00;2016/000084;MOBILIARIO, EQUIPOS DE OFICINA Y ENSERES. TRASLADO AGENTES MOVILIDAD;4000.0
998;02;00;2016/000084;MOBILIARIO, EQUIPOS DE OFICINA Y ENSERES. TRASLADO AGENTES MOVILIDAD;5000.0
998;02;00;2016/000088;EQUIPOS DE COMUNICACION PARA LOS AGENTES DE MOVILIDAD. ADQUISICIÓN;21000.0
998;02;00;2015/006000;SISTEMA DE VISIONADO DE CIRCULACIÓN. IMPLANTACIÓN DE NUEVAS TECNOLOGÍAS;839110.0
998;02;00;2016/000090;SCOOTERS PARA LOS AGENTES DE MOVILIDAD;176000.0
998;02;00;2016/000091;TAQUILLAS Y MOBILIARIO PARA LAS OFICINAS DE LOS AGENTES DE MOVILIDAD;30000.0
998;02;00;2016/000092;MOBILIARIO PARA LOS SERVICIOS DE GESTION Y VIGILANCIA DE LA CIRCUALCION;10000.0
998;07;02;2016/000169;PLAN DE APARCAMIENTOS DISUASORIOS;224000.0
998;07;06;2016/000171;MEJORA DE LA INFORMACION SOBRE LA OCUPACION DE LOS APARCAMIENTOS CENTRO MADRID;340000.0
998;07;02;2016/000172;APARCAMIENTOS PARA CARAVANAS. CONSTRUCCIÓN;20000.0
217;06;01;2013/000313;ACTUACIÓN MEDIOAMBIENTAL PARA AMPLIACIÓN USOS RECREATIVOS RÍO MANZANARES;400000.0
221;09;03;2014/000141;CONEXIÓN REDES AGUA REGENERADA VALDEBEBAS-REJAS;2735157.0
219;09;03;2015/000215;COLECTOR DOBLADO DE VICÁLVARO. CONSTRUCCIÓN;360000.0
219;09;03;2015/000216;DRENAJE VÍA DE SERVICIO DE LA N-III A LA ALTURA DEL ENSANCHE DE VALLECAS;260000.0
219;09;03;2015/000224;AUMENTO DE LA CAPACIDAD DEL DESAGÜE DEL TRAMO INFERIOR ARROYO DE LOS MIGUELES;219843.0
998;08;02;2016/000187;HIDRANTES EN LA VÍA PÚBLICA. INSTALACIÓN;50000.0
208;09;07;2015/000156;PLATAFORMAS PARA LA PRÁCTICA DE LA PESCA EN EL RÍO MANZANARES - ÁMBITO DEL PARDO;200000.0
219;09;04;2011/000211;ERAR SUR ORIENTAL. OPTIMIZACIÓN DEL TRATAMIENTO DE AGUAS RESIDUALES;170000.0
218;09;04;2013/000301;AMPLIACIÓN TERCIARIO ERAR LA GAVIA;60000.0
219;09;04;2015/000218;RED DE AGUA REGENERADA EN LOS ÁMBITOS URBANÍSTICOS DEL SURESTE DE MADRID;175000.0
219;09;04;2015/000223;TRAMO SUPERIOR ARROYO DE LOS MIGUELES. ACONDICIONAMIENTO;140000.0
214;09;07;2015/000217;CENTRO DEPORTIVO MORATALAZ. SISTEMA DE CLIMATIZACIÓN EFICIENTE;450000.0
998;08;02;2016/000179;OBRAS DE EMERGENCIA EN LA VÍA PÚBLICA;70000.0
998;09;05;2016/000229;CAMIONES RECOLECTORES COMPACTADORES. SERVICIO DE RECOGIDA DE RESIDUOS;8000000.0
998;09;07;2016/000233;IMPLANTACION DE PUNTOS LIMPIOS DE PROXIMIDAD EN LOS BARRIOS;250000.0
998;08;01;2016/000380;MOBILIARIO URBANO EN AREAS INFANTILES. RENOVACIÓN;1300000.0
217;06;01;2015/000205;PARQUE LINEAL DE VILLAVERDE. URBANIZACIÓN ENTORNO DEL RÍO MANZANARES;3972614.0
998;09;02;2016/000501;FUENTES DE AGUA POTABLE. INSTALACIÓN;320000.0
218;09;01;2016/000466;RED DE RIEGO EN EL PAU DE VALLECAS (PLAN DE ACTUACIÓN URBANA);2718413.0
998;08;02;2016/000222;HIDRANTES EN ZONAS VERDES. INSTALACIÓN;500000.0
220;09;00;2015/000213;FINCA DE TORRE ARIAS. REMODELACIÓN DEL ENTORNO;1171000.0
998;09;00;2016/000224;REMODELACIÓN DIVERSOS PARQUES DE LA CIUDAD DE MADRID;300000.0
203;09;00;2016/000467;PARQUE DEL RETIRO. REMODELACIÓN DE LA MONTAÑA DE LOS GATOS;360000.0
209;09;00;2016/000468;PARQUE DE LA CASA DE CAMPO. DIVERSAS ACTUACIONES DE REHABILITACIÓN;1038973.0
202;09;00;2016/000469;PARQUE MADRID RIO. DIVERSAS ACTUACIONES DE ACONDICIONAMIENTO;700000.0
998;09;00;2016/000471;PARQUE LINEAL DEL MANZANARES. DIVERSAS ACTUACIONES DE MEJORA;1000000.0
221;09;00;2016/000473;PARQUE JUAN CARLOS I. ADECUACIÓN DE ENTORNOS Y SUPRESIÓN DE BARRERAS ARQUITECTÓNICAS;530000.0
998;09;01;2016/000205;MAQUINARIA PARA LOS SERVICIOS DE PATRIMONIO VERDE;300000.0
998;09;01;2016/000546;RESISTÓGRAFOS Y OTROS APARATOS SERVICIOS PATRIMONIO VERDE;200000.0
209;09;00;2016/000228;INSTALACIONES CASA DE CAMPO. ADECUACIÓN PARA COLECCIONES;300000.0
218;09;00;2016/000490;PARQUE DE LA GAVIA. OBRAS DE EJECUCIÓN FASE II PARA APERTURA;1500000.0
998;08;05;2016/000191;ADECUACION DE SOLARES PARA MEJORA DE LA CALIDAD DEL PAISAJE URBANO;470000.0
998;09;07;2016/000487;PLANTA DE COMPOSTAJE AL SUR DE MADRID. CONSTRUCCIÓN;500000.0
998;09;01;2016/000488;DIVERSAS ZONAS VERDES DE LA CIUDAD. ACTUACIONES DE ACONDICIONAMIENTO Y MEJORA;300000.0
998;09;07;2016/000489;ESCUELA MUNICIPAL DE HUERTA URBANA AL SUR DE LA CAJA MÁGICA. ACONDICIONAMIENTO PARCELAS;250000.0
217;08;05;2016/000521;ADECUACIÓN DE SOLARES PARA MEJORA CALIDAD PAISAJE URBANO DISTRITO VILLAVERDE;30000.0
998;09;01;2016/000486;PROYECTOS DE REHABILITACIÓN  ZONAS VERDES Y OTRAS ACTUACIONES EN HUERTOS URBANOS;1550000.0
998;09;01;2016/000491;MEJORA AJARDINAMIENTO DE DESARROLLOS URBANISTICOS;1000000.0
217;09;01;2016/000520;REHABILITACIÓN ZONAS VERDES Y ADECUACIÓN HUERTOS URBANOS DISTRITO VILLAVERDE;50000.0
998;09;07;2016/000213;INTERVENCIONES URBANAS DE ADAPTACIÓN AL CAMBIO CLIMÁTICO;200000.0
202;09;07;2016/000218;MOBILIARIO PARA CENTRO DE EDUCACIÓN AMBIENTAL MADRID RIO;50000.0
998;09;07;2016/000208;REHABILITACIÓN ENERGÉTICA EN LOS CENTROS DEPORTIVOS DE PUENTE DE VALLECAS Y CASA DE CAMPO;1100000.0
202;09;07;2016/000211;PLATAFORMA LOGÍSTICA PARA LA DISTRIBUCIÓN DE MERCANCIAS CON VEHÍCULOS ELÉCTRICOS;250000.0
998;09;07;2016/000190;ACTUACIONES DE EFICIENCIA ENERGETICA EN INSTALACIONES MUNICIPALES;250000.0
998;09;07;2016/000168;CONTROL AMBIENTAL, ADQUISICION HERRAMIENTAS DE MEDIDA DEL NIVEL SONORO;7000.0
999;00;01;2016/000177;EQUIPAMIENTO SERVICIOS ÁREA DE GOBIERNO DE CULTURA Y DEPORTES;7500.0
201;10;04;2016/000176;CENTRO CULTURAL CONDE DUQUE. DOTACIONES PARA LOS SERVICIOS DE VIGILANCIA Y CONTROL;5500.0
998;00;01;2016/000178;SEÑALIZACIÓN DE EDIFICIOS ÁRA DE GOBIERNO DE CULTURA Y DEPORTES;9000.0
998;10;00;2016/000253;BIBLIOTECAS PÚBLICAS MUNICIPALES. SISTEMA DE AUTOPRÉSTAMO;100000.0
201;10;00;2016/000237;EQUIPAMIENTO BIBLIOTECA HISTÓRICA MUNICIPAL;20000.0
201;10;00;2016/000240;EQUIPAMIENTO BIBLIOTECA MUSICAL VÍCTOR ESPINÓS;1000.0
203;10;00;2016/000242;EQUIPAMIENTO BIBLIOTECA TÉCNICA;1000.0
998;10;00;2016/000244;BIBLIOTECAS PÚBLICAS MUNICIPALES. DOTACIONES DE MOBILIARIO Y ENSERES;155000.0
201;10;02;2016/000245;EQUIPAMIENTO IMPRENTA MUNICIPAL-ARTES DEL LIBRO;20000.0
201;10;01;2016/000246;EQUIPAMIENTO HEMEROTECA MUNICIPAL;12400.0
998;10;00;2016/000247;SISTEMA DE ALMACENAMIENTO ESPECÍFICO PARA LA BIBLIOTECA DIGITAL;65000.0
998;10;00;2016/000248;SEÑALIZACIÓN BIBLIOTECAS PÚBLICAS MUNICIPALES;22000.0
201;10;00;2016/000249;BIBLIOTECA HISTÓRICA MUNICIPAL. ADQUISICION LIBROS;35000.0
201;10;00;2016/000250;BIBLIOTECA MUSICAL VÍCTOR ESPINÓS. ADQUISICIÓN INSTRUMENTOS Y PARTITURAS;30500.0
998;10;00;2016/000251;UNIDAD TÉCNICA DE BIBLIOTECAS. ADQUISICIÓN MATERIAL MULTIMEDIA Y AUDIOVISUAL;280000.0
998;10;00;2016/000252;UNIDAD TÉCNICA DE BIBLIOTECAS. ADQUISICIÓN LIBROS;456000.0
998;10;00;2016/000484;BIBLIOTECA DIGITAL. ADQUISICIÓN DE UN ESCÁNER PLANETARIO Y ELEMENTOS DE DIGITALIZACIÓN;70000.0
998;10;00;2015/000137;BIBLIOTECA DIGITAL MEMORIADEMADRID. DESARROLLO APLICACIONES PARA MÓVILES;22000.0
201;10;01;2016/000261;EQUIPAMIENTO ARCHIVO DE LA VILLA;80000.0
998;10;02;2016/000241;BIENES CULTURALES PARA LOS MUSEOS DE LA CIUDAD;50000.0
201;10;02;2016/000238;MUSEO DE HISTORIA DE MADRID. EQUIPAMIENTO ESPACIOS INTERNOS Y USOS PUBLICOS;63500.0
201;10;02;2016/000239;MUSEO SAN ISIDRO. MOBILIARIO TÉCNICO DE ALMACENAJE ESPECIALIZADO;36000.0
202;10;04;2016/000243;EQUIPAMIENTOS PARA EL PLANETARIO DE MADRID;15259.0
201;10;02;2016/000236;MUSEO DE ARTE CONTEMPORÁNEO. MONTAJE EXPOSICIÓN PERMANENTE;4500.0
201;10;02;2016/000238;MUSEO DE HISTORIA DE MADRID. EQUIPAMIENTO ESPACIOS INTERNOS Y USOS PUBLICOS;5000.0
202;10;04;2016/000243;EQUIPAMIENTOS PARA EL PLANETARIO DE MADRID;3750.0
201;10;02;2015/000143;MUSEO DE SAN ISIDRO. LOS ORÍGENES DE MADRID. EXPOSICIÓN PERMANENTE;704742.0
201;10;02;2016/000236;MUSEO DE ARTE CONTEMPORÁNEO. MONTAJE EXPOSICIÓN PERMANENTE;24175.0
201;10;02;2016/000238;MUSEO DE HISTORIA DE MADRID. EQUIPAMIENTO ESPACIOS INTERNOS Y USOS PUBLICOS;105400.0
201;10;02;2016/000239;MUSEO SAN ISIDRO. MOBILIARIO TÉCNICO DE ALMACENAJE ESPECIALIZADO;6000.0
201;10;02;2016/000238;MUSEO DE HISTORIA DE MADRID. EQUIPAMIENTO ESPACIOS INTERNOS Y USOS PUBLICOS;17000.0
998;10;05;2016/000199;BANDA SINFÓNICA MUNICIPAL DE MADRID. INSTRUMENTOS MUSICALES, OBRAS Y OTROS ENSERES;5000.0
998;10;05;2016/000199;BANDA SINFÓNICA MUNICIPAL DE MADRID. INSTRUMENTOS MUSICALES, OBRAS Y OTROS ENSERES;10000.0
998;10;05;2016/000199;BANDA SINFÓNICA MUNICIPAL DE MADRID. INSTRUMENTOS MUSICALES, OBRAS Y OTROS ENSERES;30000.0
202;06;01;2012/000162;ENTORNO DEL MATADERO. OBRAS DE URBANIZACIÓN;1361.0
212;10;00;2006/000765;BIBLIOTECA MUNICIPAL ORCASUR. AMPLIACIÓN;1662.0
212;10;00;2009/000430;BIBLIOTECA MUNICIPAL EN BARRIO DE SAN FERMÍN. CONSTRUCCIÓN;220000.0
998;10;00;2016/000268;SISTEMAS DE ALARMAS. EDIFICIOS ADSCRITOS ÁREA GOBIERNO DE CULTURA Y DEPORTES;6000.0
998;08;05;2016/000481;SEÑALIZACIÓN ESPACIOS CULTURALES AL AIRE LIBRE;40000.0
201;10;04;2004/000068;CUARTEL CONDE DUQUE. RESTAURACIÓN;200000.0
201;00;03;2014/000122;IGLESIA DE LAS MARAVILLAS. RESTAURACIÓN;393294.0
202;10;04;2014/000126;PLANETARIO DE MADRID. ADECUACIÓN SALA DE PROYECCIONES;930000.0
998;10;04;2016/000483;OBRAS DE CONSERVACIÓN DEL PATRIMONIO CULTURAL;200000.0
998;11;01;2016/000279;MATERIAL PARA VALORACION CONDICION FISICA Y SALUD DE LAS PERSONAS EN CENTROS DEPORTIVOS;92000.0
998;11;01;2015/000285;MEJORAS ACCESIBILIDAD CENTROS DEPORTIVOS MUNICIPALES;1400000.0
210;11;01;2016/000235;CENTRO DEPORTIVO GALLUR. RENOVACIÓN PAVIMENTO PABELLÓN ATLETISMO;255775.0
998;11;01;2016/000271;CESPED ARTIFICIAL PARA CAMPOS DE FUTBOL,RUGBY Y HOCKEY DE CENTRO DEPORTIVOS MUNICIPALES;3500000.0
998;11;02;2016/000272;MEJORA DE LAS PISTAS DEPORTIVAS EXTERIORES EN LOS COLEGIOS PÚBLICOS DE LA CIUDAD;800000.0
998;11;01;2016/000273;ADECUACION CENTROS DEPORTIVOS MUNICIPALES PARA REALIZACION EVENTOS DEPORTIVOS;1544225.0
998;11;02;2016/000553;CÉSPED ARTIFICIAL PARA PISTAS DE DEPORTES MINORITARIOS;500000.0
999;00;01;2016/000143;EQUIPAMIENTO TRIBUNAL ECONÓMICO ADMINISTRATIVO;6000.0
201;03;01;2016/000126;CENTROS DE MAYORES DISTRITO CENTRO. MOBILIARIO Y ENSERES;20000.0
201;03;02;2016/000127;CENTROS DE SERVICIOS SOCIALES DITRITO CENTRO. MOBILIARIO Y ENSERES;10000.0
201;05;00;2016/000102;OBRAS DE CONSERVACIÓN CENTROS DOCENTES DE ENSEÑANZA DISTRITO DE CENTRO;551529.0
201;05;01;2016/000128;ESCUELA INFANTIL LA PALOMA. MOBILIARIO Y ENSERES;4000.0
201;11;02;2016/000167;PISTAS DEPORTIVAS C/ EMBAJADORES. CONSTRUCCIÓN;40000.0
201;11;01;2016/000124;OBRAS DE CONSERVACIÓN INSTALACIONES DEPORTIVAS DISTRITO DE CENTRO;87073.0
201;08;05;2014/000351;PLAZA MAYOR. ADECUACIÓN GLOBAL DE EDIFICIOS Y SUPERFICIES ABIERTAS Y CUBIERTAS;212325.0
201;08;05;2014/000351;PLAZA MAYOR. ADECUACIÓN GLOBAL DE EDIFICIOS Y SUPERFICIES ABIERTAS Y CUBIERTAS;130.0
201;00;03;2016/000096;OBRAS DE CONSERVACION EDIFICIOS DISTRITO DE CENTRO;462557.0
202;05;00;2016/000063;OBRAS DE CONSERVACIÓN CENTROS DOCENTES DE ENSEÑANZA DISTRITO DE ARGANZUELA;200006.0
202;10;04;2016/000076;DOTACIÓN DE LA NAVE DE TERNERAS PARA USO ESCENICO Y MULTIFUNCIONAL;60000.0
202;11;01;2016/000075;EQUIPAMIENTO CENTROS DEPORTIVOS DISTRITO ARGANZUELA;10000.0
202;11;01;2016/000072;OBRAS DE CONSERVACIÓN INSTALACIONES DEPORTIVAS DISTRITO DE ARGANZUELA;225000.0
202;11;01;2016/000074;CENTRO DEPORTIVO MARQUÉS DE SAMARANCH. RENOVACIÓN CESPED CAMPO DE FÚTBOL;300000.0
202;11;01;2016/000551;CENTRO DEPORTIVO PEÑUELAS.AMPLIACIÓN DE LAS INSTALACIONES;50000.0
202;00;03;2016/000064;OBRAS DE CONSERVACIÓN EDIFICIOS DISTRITO DE ARGANZUELA;518158.0
203;05;00;2016/000077;OBRAS DE CONSERVACIÓN CENTROS DOCENTES DE ENSEÑANZA DISTRITO DE RETIRO;212338.0
203;05;03;2016/000492;ESCUELA DE MÚSICA Y DANZA PLÁCIDO DOMINGO. OBRAS DE REFORMA;40000.0
203;10;00;2016/000144;MOBILIARIO, ENSERES Y EQUIPOS DE COMUNICACIÓN NUEVAS SALAS LECTURA DISTRITO RETIRO;8000.0
203;10;00;2016/000144;MOBILIARIO, ENSERES Y EQUIPOS DE COMUNICACIÓN NUEVAS SALAS LECTURA DISTRITO RETIRO;2400.0
203;11;02;2016/000437;DEPORTIVO BÁSICO PISTAS COCHERAS. OBRAS DE ACONDICIONAMIENTO;187000.0
203;11;02;2016/000146;ALARMAS INSTALACIONES DEPORTIVAS DISTRITO RETIRO;14000.0
203;11;01;2016/000079;OBRAS DE CONSERVACIÓN INSTALACIONES DEPORTIVAS DISTRITO DE RETIRO;156307.0
203;00;03;2016/000080;OBRAS DE CONSERVACIÓN EDIFICIOS DISTRITO DE RETIRO;292235.0
204;05;00;2016/000065;OBRAS DE CONSERVACION CENTROS ENSEÑANZA DE ENSEÑANZA DISTRITO DE SALAMANCA;69000.0
204;11;01;2016/000070;OBRAS DE CONSERVACION INSTALACIONES DEPORTIVAS DISTRITO DE SALAMANCA;306500.0
204;00;03;2016/000071;OBRAS DE CONSERVACIÓN EDIFICIOS DISTRITO DE SALAMANCA;108298.0
205;05;00;2016/000026;OBRAS DE CONSERVACIÓN CENTROS DOCENTES DE ENSEÑANZA DISTRITO DE CHAMARTÍN;393396.0
205;11;01;2016/000027;OBRAS DE CONSERVACIÓN INSTALACIONES DEPORTIVAS DISTRITO DE CHAMARTÍN;100000.0
205;00;03;2016/000028;OBRAS DE CONSERVACIÓN EDIFICIOS DISTRITO DE CHAMARTÍN;415086.0
205;12;01;2016/000388;EDIFICIO SITO C/ ENRIQUE JARDIEL PONCELA, 8. OBRAS DE REFORMA Y REHABILITACIÓN;350000.0
206;05;00;2016/000153;OBRAS DE CONSERVACIÓN CENTROS DOCENTES DE ENSEÑANZA DISTRITO DE TETUAN;311993.0
206;10;03;2016/000460;CENTRO CULTURAL ESPRONCEDA. MOBILIARIO;45000.0
206;11;01;2016/000152;OBRAS DE CONSERVACIÓN INSTALACIONES DEPORTIVAS DISTRITO DE TETUAN;495369.0
206;00;03;2016/000151;OBRAS DE CONSERVACIÓN EDIFICIOS DISTRITO DE TETUAN;180675.0
207;05;00;2016/000036;OBRAS DE CONSERVACION CENTROS DOCENTES DE ENSEÑANZA DISTRITO DE CHAMBERI;323251.0
207;11;01;2016/000356;CENTRO DEPORTIVO PARQUE MOVIL. OBRAS DE ADECUACIÓN;200000.0
207;00;03;2016/000035;OBRAS DE CONSERVACION EDIFICIOS DISTRITO DE CHAMBERI;226020.0
207;12;01;2016/000282;LOCALES SITUADOS C/BRAVO MURILLO 37-39. REHABILITACIÓN PARA CENTRO PARTICIPACIÓN;272466.0
208;08;02;2016/000068;ACTUACIONES PLANES DE BARRIO DISTRITO DE FUENCARRAL EL PARDO;100000.0
208;08;02;2016/000510;PLAN DE BARRIO VIRGEN DE BEGOÑA. ELIMINACIÓN BARRERAS ARQUITECTÓNICAS;100000.0
208;05;00;2016/000087;OBRAS DE CONSERVACIÓN CENTROS DOCENTES ENSEÑANZA DISTRITO FUENCARRAL-EL PARDO;867883.0
208;10;03;2016/000097;EQUIPAMIENTO CENTROS CULTURALES DISTRITO DE FUENCARRAL-EL PARDO;20180.0
208;11;02;2005/000139;INSTALACIONES DEPORTIVAS EN EL BARRIO LAS TABLAS. ACONDICIONAMIENTO;600000.0
208;11;02;2016/000118;DEPORTIVO BÁSICO C/ SANTUARIO DE VALVERDE. CONSTRUCCIÓN;155000.0
208;11;01;2016/000098;CENTRO DEPORTIVO VICENTE DEL BOSQUE. MERENDEROS;18000.0
208;11;01;2016/000089;OBRAS DE CONSERVACIÓN INSTALACIONES DEPORTIVAS DISTRITO DE FUENCARRAL-EL PARDO;393127.0
208;11;01;2016/000509;INSTALACIONES DEPORTIVAS BARRIO EL PARDO. OBRAS DE MEJORA;150000.0
208;00;02;2016/000214;EQUIPAMIENTO SERVICIOS ADMINISTRATIVOS DISTRITO FUENCARRAL-EL PARDO;8000.0
208;00;03;2016/000083;OBRAS DE CONSERVACIÓN EDIFICIOS DISTRITO DE FUENCARRAL-EL PARDO;333523.0
209;03;01;2016/000057;EQUIPAMIENTO CENTRO DE MAYORES ARAVACA;120000.0
209;05;00;2016/000055;OBRAS DE CONSERVACIÓN CENTROS DOCENTES DE ENSEÑANZA DISTRITO MONCLOA-ARAVACA;286186.0
209;11;01;2016/000059;CENTRO DEPORTIVO ALFREDO GOYENECHE. SILLA ACCESO DE MINUSVÁLIDOS A PISCINAS;8000.0
209;11;01;2016/000056;OBRAS DE CONSERVACION INSTALACIONES DEPORTIVAS DISTRITO DE MONCLOA-ARAVACA;1162400.0
209;11;01;2016/000060;CENTROS DEPORTIVOS DISTRITO MONCLOA-ARAVACA. MAQUINARIA;62000.0
209;11;01;2016/000058;CENTROS DEPORTIVOS DISTRITO MONCLOA-ARAVACA. MOBILIARIO OFICINA;10000.0
209;00;03;2016/000054;OBRAS DE CONSERVACIÓN EDIFICIOS DISTRITO DE MONCLOA-ARAVACA;347334.0
210;03;01;2016/000182;CENTROS DE MAYORES DISTRITO LATINA. MOBILIARIO Y ENSERES;20000.0
210;03;01;2016/000182;CENTROS DE MAYORES DISTRITO LATINA. MOBILIARIO Y ENSERES;15000.0
210;03;02;2016/000180;CENTROS DE SERVICIOS SOCIALES DISTRITO LATINA. MOBILIARIO Y ENSERES;35000.0
210;03;02;2016/000180;CENTROS DE SERVICIOS SOCIALES DISTRITO LATINA. MOBILIARIO Y ENSERES;10000.0
210;05;00;2016/000195;CENTROS DOCENTES ENSEÑANZA DISTRITO LATINA. DOTACIÓN JUEGOS DE PATIO;94010.0
210;05;00;2016/000156;OBRAS DE CONSERVACIÓN CENTROS DOCENTES DE ENSEÑANZA DISTRITO DE LATINA;1379087.0
210;11;01;2016/000359;EQUIPAMIENTO CENTROS DEPORTIVOS DISTRITO LATINA;11800.0
210;11;01;2016/000359;EQUIPAMIENTO CENTROS DEPORTIVOS DISTRITO LATINA;4600.0
210;11;01;2016/000359;EQUIPAMIENTO CENTROS DEPORTIVOS DISTRITO LATINA;44300.0
210;11;01;2016/000359;EQUIPAMIENTO CENTROS DEPORTIVOS DISTRITO LATINA;5400.0
210;11;01;2016/000157;OBRAS DE CONSERVACIÓN INSTALACIONES DEPORTIVAS DISTRITO DE LATINA;1108979.0
210;00;03;2016/000155;OBRAS DE CONSERVACIÓN EDIFICIOS DISTRITO DE LATINA;433321.0
211;05;00;2016/000138;OBRAS DE CONSERVACIÓN CENTROS DOCENTES DE ENSEÑANZA DISTRITO DE CARABANCHEL;605158.0
211;05;00;2016/000162;COLEGIO PÚBLICO CONCEPCIÓN ARENAL. SUBSANACIÓN DEFICIENCIAS ELÉCTRICAS;150000.0
211;05;00;2016/000163;COLEGIO PÚBLICO REPÚBLICA DEL ECUADOR. REFORMA ASEOS Y ACONDICIONAMIENTO PATIOS;100000.0
211;05;00;2016/000164;COLEGIO PÚBLICO REPÚBLICA DOMINICANA. REFORMA ASEOS Y OTRAS MEJORAS;100000.0
211;11;01;2016/000140;OBRAS DE CONSERVACIÓN INSTALACIONES DEPORTIVAS DISTRITO DE CARABANCHEL;200000.0
211;11;02;2016/000165;DEPORTIVO BÁSICO C/ GORRIÓN. OBRAS REFORMA DE VESTUARIOS;150000.0
211;11;02;2016/000166;DEPORTIVOS BÁSICOS DISTRITO CARABANCHEL. OBRAS DE MEJORA Y REPARACIÓN;100000.0
211;11;01;2016/000352;CENTRO DEPORTIVO LA MINA. ACONDICIONAMIENTO CUBIERTAS PABELLÓN;242000.0
211;00;03;2016/000141;OBRAS DE CONSERVACIÓN EDIFICIOS DISTRITO DE CARABANCHEL;150000.0
212;03;01;2016/000351;CENTROS DE MAYORES DISTRITO USERA. MOBILIARIO;40000.0
212;05;00;2016/000175;OBRAS DE CONSERVACIÓN CENTROS DOCENTES DE ENSEÑANZA DISTRITO DE USERA;444186.0
212;05;00;2016/000442;COLEGIO PÚBLICO CIUDAD JAEN. OBRAS DE ACONDICIONAMIENTO;150000.0
212;05;00;2016/000443;COLEGIO PÚBLICO GLORIA FUERTES. OBRAS DE ACONDICIONAMIENTO;70000.0
212;05;00;2016/000444;COLEGIO PÚBLICO JORGE MANRIQUE. OBRAS DE ACONDICIONAMIENTO;30000.0
212;05;02;2016/000445;CENTRO EDUCACIÓN ESPECIAL JOAN MIRÓ. OBRAS DE ACONDICIONAMIENTO;150000.0
212;05;00;2016/000446;COLEGIO PÚBLICO JUAN SEBASTIAN ELCANO. OBRAS DE ACONDICIONAMIENTO;150000.0
212;05;00;2016/000447;COLEGIO PÚBLICO MARCELO USERA. OBRAS DE ACONDICIONAMIENTO;100000.0
212;05;00;2016/000448;COLEGIO PÚBLICO MESETA DE ORCASITAS. OBRAS DE ACONDICIONAMIENTO;150000.0
212;05;00;2016/000450;COLEGIO PÚBLICO NUESTRA SEÑORA DE LA FUENCISLA. OBRAS DE ACONDICIONAMIENTO;100000.0
212;05;00;2016/000451;COLEGIO PÚBLICO PRADOLONGO. OBRAS DE ACONDICIONAMIENTO;100000.0
212;05;00;2016/000452;COLEGIO PÚBLICO PUERTO RICO. OBRAS DE ACONDICIONAMIENTO;60000.0
212;05;00;2016/000453;COLEGIO PÚBLICO REPÚBLICA DE BRASIL. OBRAS DE ACONDICIONAMIENTO;140000.0
212;05;00;2016/000454;COLEGIO PÚBLICO REPÚBLICA DE VENEZUELA. OBRAS DE ACONDICIONAMIENTO;90000.0
212;05;01;2016/000456;ESCUELA INFANTIL LA CORNISA. OBRAS DE ACONDICIONAMIENTO;30000.0
212;05;01;2016/000458;ESCUELA INFANTIL LA OLIVA. OBRAS DE ACONDICIONAMIENTO;30000.0
212;05;03;2016/000455;ESCUELA DE MÚSICA MAESTRO BARBIERI. OBRAS DE ACONDICIONAMIENTO;150000.0
212;10;03;2016/000206;CENTROS CULTURALES DISTRITO USERA. MOBILIARIO;30000.0
212;11;01;2016/000174;OBRAS DE CONSERVACIÓN INSTALACIONES DEPORTIVAS DISTRITO DE USERA;137330.0
212;11;01;2016/000438;CENTRO DEPORTIVO ORCASITAS. OBRAS DE ACONDICIONAMIENTO;2233000.0
212;11;01;2016/000439;CENTRO DEPORTIVO ORCASUR. OBRAS DE ACONDICIONAMIENTO;412000.0
212;11;01;2016/000440;CENTRO DEPORTIVO SAN FERMIN. OBRAS DE ACONDICIONAMIENTO;140000.0
212;11;02;2016/000441;DEPORTIVOS BÁSICOS DISTRITO USERA. OBRAS DE REPARACIÓN;215000.0
212;00;03;2016/000173;OBRAS DE CONSERVACIÓN EDIFICIOS DISTRITO DE USERA;43277.0
213;14;00;2016/000523;MERCADILLO PUENTE DE VALLECAS, C/BUENOS AIRES, 17. OBRAS DE ADECUACIÓN;1295720.0
213;05;00;2016/000119;OBRAS CONSERVACIÓN CENTROS DOCENTES DE ENSEÑANZA DISTRITO PUENTE DE VALLECAS;950000.0
213;05;03;2016/000457;EDIFICIO C/ CONCORDIA, 15. REHABILITACIÓN PARA ESCUELA DE MÚSICA;1304052.0
213;10;06;2016/000512;PLACAS CONMEMORATIVAS VÍCTIMAS DEL TERRORISMO. INSTALACIÓN;10500.0
213;11;01;2016/000121;OBRAS DE CONSERVACIÓN INSTALACIONES DEPORTIVAS DISTRITO DE PUENTE DE VALLECAS;553048.0
213;11;01;2016/000389;CENTRO DEPORTIVO ALBERTO GARCÍA. SUSTITUCIÓN CLIMATIZADORA;800000.0
213;11;02;2016/000449;DEPORTIVOS BÁSICOS DISTRITO PUENTE DE VALLECAS. OBRAS DE ADECUACIÓN;150000.0
213;11;01;2016/000499;CENTRO DEPORTIVO PALOMERAS. REPARACIÓN PISTA OLÍMPICA DE ATLETISMO;601879.0
213;11;01;2016/000500;CENTRO DEPORTIVO PUENTE DE VALLECAS. ADECUACIÓN SISTEMA DE CLORACIÓN;1151920.0
213;11;01;2016/000554;CAMPO DE FÚTBOL PUERTO DE BALBARÁN (CENTRO DEPORTIVO ENTREVÍAS). CÉSPED ARTIFICIAL;719950.0
213;11;02;2016/000274;DEPORTIVOS BÁSICOS DISTRITO PUENTE DE VALLECAS. MOBILIARIO OFICINA;20000.0
213;00;02;2016/000511;EQUIPAMIENTO SERVICIOS ADMINISTRATIVOS DISTRITO PUENTE DE VALLECAS;77000.0
213;10;03;2016/000522;CENTRO CULTURAL C/MONTE URGULL. CONSTRUCCIÓN;1818262.0
213;00;03;2016/000123;OBRAS DE CONSERVACIÓN EDIFICIOS DISTRITO DE PUENTE DE VALLECAS;1941836.0
213;03;02;2016/000461;CENTRO SERVICIOS SOCIALES SAN DIEGO. REORDENACIÓN DE ESPACIOS;1604174.0
214;05;00;2016/000148;OBRAS DE CONSERVACIÓN CENTROS DOCENTES DE ENSEÑANZA DISTRITO DE MORATALAZ;461049.0
214;11;01;2016/000150;OBRAS DE CONSERVACIÓN INSTALACIONES DEPORTIVAS DISTRITO DE MORATALAZ;468886.0
214;00;03;2016/000149;OBRAS DE CONSERVACIÓN EDIFICIOS DISTRITO DE MORATALAZ;146716.0
215;03;01;2016/000357;EQUIPAMIENTO PARA CENTROS DE MAYORES DEL DISTRITO DE CIUDAD LINEAL;20000.0
215;05;00;2016/000286;OBRAS DE CONSERVACIÓN CENTROS DOCENTES DE ENSEÑANZA DISTRITO DE CIUDAD LINEAL;700176.0
215;10;03;2016/000366;EQUIPAMIENTO PARA CENTROS CULTURALES DEL DISTRITO DE CIUDAD LINEAL;15000.0
215;11;01;2016/000464;EQUIPAMIENTO CENTROS DEPORTIVOS DISTRITO CIUDAD LINEAL;15000.0
215;11;01;2016/000464;EQUIPAMIENTO CENTROS DEPORTIVOS DISTRITO CIUDAD LINEAL;7000.0
215;11;01;2016/000278;OBRAS DE CONSERVACIÓN INSTALACIONES DEPORTIVAS DISTRITO DE CIUDAD LINEAL;604000.0
215;00;02;2016/000369;EQUIPAMIENTO SERVICIOS ADMINISTRATIVOS DISTRITO CIUDAD LINEAL;15000.0
215;00;02;2016/000369;EQUIPAMIENTO SERVICIOS ADMINISTRATIVOS DISTRITO CIUDAD LINEAL;10000.0
215;00;03;2016/000354;OBRAS DE CONSERVACIÓN EDIFICIOS DISTRITO DE CIUDAD LINEAL;245000.0
216;05;00;2016/000139;OBRAS DE CONSERVACIÓN CENTROS DOCENTES DE ENSEÑANZA DISTRITO DE HORTALEZA;581466.0
216;11;01;2016/000137;OBRAS DE CONSERVACIÓN INSTALACIONES DEPORTIVAS DISTRITO DE HORTALEZA;584116.0
216;00;03;2016/000095;OBRAS DE CONSERVACIÓN EDIFICIOS DISTRITO DE HORTALEZA;53000.0
217;03;02;2016/000142;EQUIPAMIENTO CENTRO SERVICIOS SOCIALES EDUARDO MINGUITO;15000.0
217;05;00;2016/000044;OBRAS DE CONSERVACIÓN CENTROS DOCENTES DE ENSEÑANZA DISTRITO DE VILLAVERDE;844000.0
217;11;01;2016/000045;OBRAS DE CONSERVACIÓN INSTALACIONES DEPORTIVAS DISTRITO DE VILLAVERDE;359900.0
217;11;02;2016/000136;CAMPO DE FÚTBOL SAN CRISTÓBAL. REHABILITACIÓN, ACONDICIONAMIENTO Y MEJORA;895000.0
217;00;03;2016/000047;OBRAS DE CONSERVACIÓN EDIFICIOS DISTRITO DE VILLAVERDE;391200.0
218;05;00;2016/000029;OBRAS DE CONSERVACIÓN CENTROS DOCENTES DE ENSEÑANZA DISTRITO VILLA DE VALLECAS;401565.0
218;10;00;2016/000147;EQUIPAMIENTO BIBLIOTECA GERARDO DIEGO;19000.0
218;11;01;2016/000040;OBRAS DE CONSERVACIÓN INSTALACIONES DEPORTIVAS DISTRITO DE VILLA DE VALLECAS;265050.0
218;00;03;2016/000041;OBRAS DE CONSERVACIÓN EDIFICIOS DISTRITO DE VILLA DE VALLECAS;317252.0
219;10;04;2016/000324;RECINTO FERIAL VICÁLVARO. ACONDICIONAMIENTO Y REFORMA;138000.0
219;05;00;2016/000120;OBRAS DE CONSERVACIÓN CENTROS DOCENTES DE ENSEÑANZA DISTRITO VICÁLVARO;120000.0
219;11;01;2016/000133;OBRAS DE CONSERVACIÓN INSTALACIONES DEPORTIVAS DISTRITO DE VICÁLVARO;240417.0
219;11;01;2016/000363;CENTROS DEPORTIVOS DISTRITO DE VICÁLVARO.OBRAS DE REFORMA Y ACONDICIONAMIENTO;800000.0
219;03;01;2016/000524;NUEVO CENTRO DE MAYORES EN EL DISTRITO DE VICÁLVARO. CONSTRUCCIÓN;100000.0
219;00;03;2016/000131;OBRAS DE CONSERVACIÓN EDIFICIOS DISTRITO DE VICÁLVARO;20000.0
220;05;00;2016/000004;OBRAS DE CONSERVACIÓN CENTROS DOCENTES DE ENSEÑANZA DISTRITO SAN BLAS-CANILLEJAS;558525.0
220;10;03;2016/000116;EQUIPAMIENTO CENTRO CULTURAL ANTONIO MACHADO;145000.0
220;11;01;2016/000001;OBRAS DE CONSERVACIÓN INSTALACIONES DEPORTIVAS DISTRITO DE SAN BLAS-CANILLEJAS;194639.0
220;11;01;2016/000495;CENTRO DEPORTIVO SAN BLAS. REMODELACIÓN CUBIERTA PABELLÓN;382236.0
220;11;01;2016/000496;CENTRO DEPORTIVO SAN BLAS. REMODELACIÓN ZONA PISCINAS DE VERANO;1207059.0
220;11;02;2016/000497;DEPORTIVO BÁSICO ESFINGE. SUSTITUCIÓN CERRAMIENTO PERIMETRAL;33195.0
220;11;02;2016/000498;DEPORTIVO BÁSICO MIGUEL YUSTE. SUSTITUCIÓN CERRAMIENTOS LATERALES;18106.0
220;00;03;2016/000003;OBRAS DE CONSERVACIÓN EDIFICIOS DISTRITO SAN BLAS-CANILLEJAS;261360.0
220;10;03;2016/000062;CENTRO CULTURAL CIUDAD PEGASO. CUBRICIÓN ESCENARIO AUDITORIO EXTERIOR;80471.0
221;05;00;2016/000031;OBRAS DE CONSERVACIÓN CENTROS DOCENTES DE ENSEÑANANZA DISTRITO DE BARAJAS;189000.0
221;05;03;2016/000316;ESCUELA DE MÚSICA EL CAPRICHO.  CARPINTERÍA;125000.0
221;11;01;2016/000032;OBRAS DE CONSERVACIÓN INSTALACIONES DEPORTIVAS DISTRITO DE BARAJAS;189000.0
221;00;03;2016/000033;OBRAS DE CONSERVACIÓN EDIFICIOS DISTRITO DE BARAJAS;192160.0
999;13;00;2016/000049;EQUIPAMIENTO PARA INFORMÁTICA DEL AYUNTAMIENTO DE MADRID;2000.0
999;13;00;2016/000043;INFRAESTRUCTURAS EN CPDS DISTRIBUIDOS;20000.0
999;13;02;2016/000048;AMPLIACIÓN DE INFRAESTRUCTURAS BÁSICAS DE COMUNICACIÓN;225000.0
999;13;00;2016/000049;EQUIPAMIENTO PARA INFORMÁTICA DEL AYUNTAMIENTO DE MADRID;6000.0
999;13;00;2016/000049;EQUIPAMIENTO PARA INFORMÁTICA DEL AYUNTAMIENTO DE MADRID;2000.0
999;13;02;2013/000086;MIGRACIÓN DE CENTRALITAS A TELEFONÍA IP;590140.0
999;13;02;2015/000062;MEJORAS DE RED TETRA;36663.0
999;13;02;2016/000046;MEJORAS DE RED TETRA;2543197.0
999;13;00;2007/000605;SISTEMA INTEGRADO DE INGRESOS. PROYECTO DESARROLLO GESTIÓN TRIBUTARIA;510705.0
999;13;00;2013/000178;PLATAFORMA MINT;1492236.0
999;13;00;2014/000111;ADQUISICIÓN Y DESARROLLO DE APLICACIONES;237734.0
999;13;00;2015/000069;ADQUISICIÓN Y DESARROLLO DE APLICACIONES;1506395.0
999;13;00;2016/000051;ACTUALIZACION DE INFRAESTRUCTURAS;599800.0
999;13;00;2016/000053;ADQUISICION Y DESARROLLO DE APLICACIONES;3602484.0
998;03;07;2016/000418;INSTALACIONES TÉCNICAS DE LOS CENTROS DE LA AGENCIA PARA EL EMPLEO;40000.0
998;03;07;2016/000417;EQUIPAMIENTO DE LOS CENTROS DE LA AGENCIA PARA EL EMPLEO;20000.0
998;03;07;2016/000417;EQUIPAMIENTO DE LOS CENTROS DE LA AGENCIA PARA EL EMPLEO;10000.0
998;03;07;2016/000419;OBRAS DE REFORMA CENTROS DE LA AGENCIA PARA EL EMPLEO;100000.0
998;03;07;2016/000420;ADQUISICIÓN DE DIVERSO INMOVILIZADO PARA LA AGENCIA PARA EL EMPLEO;15000.0
998;03;07;2016/000420;ADQUISICIÓN DE DIVERSO INMOVILIZADO PARA LA AGENCIA PARA EL EMPLEO;5000.0
998;03;07;2016/000420;ADQUISICIÓN DE DIVERSO INMOVILIZADO PARA LA AGENCIA PARA EL EMPLEO;20000.0
998;03;07;2016/000420;ADQUISICIÓN DE DIVERSO INMOVILIZADO PARA LA AGENCIA PARA EL EMPLEO;20000.0
998;03;07;2016/000420;ADQUISICIÓN DE DIVERSO INMOVILIZADO PARA LA AGENCIA PARA EL EMPLEO;5000.0
998;03;07;2016/000420;ADQUISICIÓN DE DIVERSO INMOVILIZADO PARA LA AGENCIA PARA EL EMPLEO;5000.0
998;03;07;2016/000423;OBRAS DE ACONDICIONAMIENTO CENTROS DE FORMACIÓN DE LA AGENCIA PARA EL EMPLEO;300000.0
998;12;00;2016/000030;ADQUISICIÓN DE DESFIBRILADORES PARA VARIAS OFICINAS DE ATENCIÓN AL CONTRIBUYENTE;6000.0
999;00;01;2016/000034;ADQUISICIÓN DE EQUIPOS PARA PROCESO DE DATOS;189819.0
998;04;00;2016/000019;MAQUINARIA PARA LOS CENTROS DEPENDIENTES DE MADRID SALUD;402598.0
998;04;00;2016/000020;INSTALACIONES TÉCNICAS PARA LOS CENTROS DE MADRID SALUD;400000.0
998;04;00;2016/000021;EQUIPAMIENTO DE LOS DIFERENTES CENTROS DE MADRID SALUD;30000.0
998;04;00;2016/000021;EQUIPAMIENTO DE LOS DIFERENTES CENTROS DE MADRID SALUD;25500.0
998;04;00;2016/000023;SEÑALIZACIÓN DE LOS DIFERENTES CENTROS DE MADRID SALUD;10000.0
998;04;00;2016/000024;REFORMAS PARA LOS DIFERENTES CENTROS DE MADRID SALUD;300000.0
998;04;00;2016/000025;APLICACIONES INFORMATICAS NUEVAS PARA DESARROLLO DE PROGRAMAS DE MADRID SALUD;4500.0
999;00;01;2016/000037;ADQUISICIÓN DE UTILLAJE PARA LA AGENCIA DE ACTIVIDADES;4000.0
999;00;01;2016/000039;MOBILIARIO Y EQUIPOS DE OFICINA PARA LA AGENCIA DE ACTIVIDADES;7496.0
999;00;01;2016/000042;OTRO MOBILIARIO Y ENSERES PARA LA AGENCIA DE ACTIVIDADES;1000.0
999;00;01;2016/000066;EQUIPOS PARA PROCESO DE DATOS PARA LA AGENCIA DE ACTIVIDADES;4000.0
999;00;01;2016/000067;SEÑALIZACIÓN EDIFICIO SEDE DE LA AGENCIA DE ACTIVIDADES;6000.0
999;13;00;2016/000049;EQUIPAMIENTO PARA INFORMÁTICA DEL AYUNTAMIENTO DE MADRID;17000.0
999;13;00;2016/000043;INFRAESTRUCTURAS EN CPDS DISTRIBUIDOS;20000.0
999;13;02;2016/000048;AMPLIACIÓN DE INFRAESTRUCTURAS BÁSICAS DE COMUNICACIÓN;2492750.0
999;13;00;2016/000049;EQUIPAMIENTO PARA INFORMÁTICA DEL AYUNTAMIENTO DE MADRID;11500.0
999;13;00;2016/000049;EQUIPAMIENTO PARA INFORMÁTICA DEL AYUNTAMIENTO DE MADRID;1300.0
999;13;02;2013/000086;MIGRACIÓN DE CENTRALITAS A TELEFONÍA IP;590140.0
999;13;02;2015/000062;MEJORAS DE RED TETRA;36663.0
999;13;02;2016/000046;MEJORAS DE RED TETRA;56000.0
999;13;00;2016/000051;ACTUALIZACION DE INFRAESTRUCTURAS;614000.0
999;13;02;2016/000052;MEJORA DEL ENTORNO LAN;3273197.0
999;13;00;2015/000068;ACTUALIZACIÓN DE INFRAESTRUCTURAS;7575.0
999;13;00;2016/000050;DOTACION PUESTOS DE TRABAJO I;634000.0
999;13;00;2016/000051;ACTUALIZACION DE INFRAESTRUCTURAS;2450005.0
999;13;00;2016/009465;INFORMÁTICA MADRID. MULTIFUNCIONALES SOBREMESA CON LECTOR RFID;48195.0
999;13;00;2016/009467;INFORMÁTICA MADRID.EQUIPAMIENTO ACCESORIO PUESTOS TRABAJO (WEBCAMS, IMPRESORAS TARJETAS, ESCANERS DN;40000.0
999;13;00;2016/009468;INFORMÁTICA MADRID.TABLETAS CONECTIVIDAD REMOTA APLICACIONES CORPORATIVAS Y CENTROS MAYORES, SERVICI;210000.0
999;13;00;2016/000049;EQUIPAMIENTO PARA INFORMÁTICA DEL AYUNTAMIENTO DE MADRID;700.0
999;13;00;2016/000050;DOTACION PUESTOS DE TRABAJO I;407000.0
999;13;00;2016/009463;INFORMÁTICA MADRID.RENOVACION DE ORDENADORES PORTÁTILES;275000.0
999;13;00;2016/009464;INFORMÁTICA MADRID.RENOVACION DE ORDENADORES DE SOBREMESA DE MAS DE 5 AÑOS;660000.0
999;13;00;2016/009466;INFORMÁTICA MADRID. RENOVACION DE IMPRESORAS DEPARTAMENTALES LASER COLOR;292500.0
999;13;00;2016/009469;INFORMÁTICA MADRID. RENOVACION DE IMPRESORAS OFIMATICAS;786000.0
999;13;00;2016/009470;INFORMÁTICA MADRID. RENVACION DE IMPRESORAS DE ETIQUETAS PARA REGISTRO;135000.0
999;13;00;2016/009471;INFORMÁTICA MADRID. RENOVACION DE MONITORES;875000.0
999;13;00;2007/000605;SISTEMA INTEGRADO DE INGRESOS. PROYECTO DESARROLLO GESTIÓN TRIBUTARIA;510705.0
999;13;00;2013/000078;ADQUISICIÓN Y DESARROLLO DE APLICACIONES SECTORIALES Y CORPORATIVAS;36600.0
999;13;00;2013/000178;PLATAFORMA MINT;1680223.28
999;13;00;2014/000111;ADQUISICIÓN Y DESARROLLO DE APLICACIONES;400375.45
999;13;00;2015/000068;ACTUALIZACIÓN DE INFRAESTRUCTURAS;1042401.81
999;13;00;2015/000069;ADQUISICIÓN Y DESARROLLO DE APLICACIONES;442641.85
999;13;00;2016/000050;DOTACION PUESTOS DE TRABAJO I;139280.66
999;13;00;2016/000051;ACTUALIZACION DE INFRAESTRUCTURAS;90275.0
999;13;00;2016/000053;ADQUISICION Y DESARROLLO DE APLICACIONES;685996.95
999;13;00;2016/009472;INFORMÁTICA MADRID. DOTACION DE LICENCIAS DE SOFTWARE OFFICE DE PUESTO DE TRABAJO;1350000.0
999;13;00;2016/009473;INFORMÁTICA MADRID. DOTACION DE LICENCIAS DE SOFTWARE POWER PDF;100000.0
999;13;00;2016/009474;INFORMÁTICA MADRID. DOTACION DE LICENCIAS DE SOFTWARE DE PUESTO DE TRABAJO A DEMANDA;160000.0
998;03;07;2016/000418;INSTALACIONES TÉCNICAS DE LOS CENTROS DE LA AGENCIA PARA EL EMPLEO;0.0
998;03;07;2016/000417;EQUIPAMIENTO DE LOS CENTROS DE LA AGENCIA PARA EL EMPLEO;5.96
217;03;07;2016/010417;EQUIPAMIENTO CENTRO DE DESARROLLO EMPRESARIAL DE VILLAVERDE, AV. DE OROVILLA,54;7744.0
210;03;07;2016/020417;EQUIPAMIENTO CENTRO DE FORMACIÓN OCUPACIONAL LOS CÁRMENES, C/ ALHAMBRA, 89;12250.04
998;03;07;2016/000417;EQUIPAMIENTO DE LOS CENTROS DE LA AGENCIA PARA EL EMPLEO;0.0
202;03;07;2016/030417;EQUIPAMIENTO CENTRO DE FORMACIÓN OCUPACIONAL DE ÁNCORA, C/ ÁNCORA, 41 Y 45;7899.49
998;03;07;2016/000419;OBRAS DE REFORMA CENTROS DE LA AGENCIA PARA EL EMPLEO;0.0
210;03;07;2016/010419;CENTRO DE FORMACIÓN OCUPACIONAL LOS CÁRMENES, C/ ALHAMBRA 89. OBRAS DE REFORMA;14350.07
998;03;07;2016/000420;ADQUISICIÓN DE DIVERSO INMOVILIZADO PARA LA AGENCIA PARA EL EMPLEO;0.0
210;03;07;2016/020420;CENTRO DE FORMACIÓN OCUPACIONAL LOS CÁRMENES. ADQUISICIÓN DE MAQUINARIA;1308.84
998;03;07;2016/000420;ADQUISICIÓN DE DIVERSO INMOVILIZADO PARA LA AGENCIA PARA EL EMPLEO;5000.0
998;03;07;2016/000420;ADQUISICIÓN DE DIVERSO INMOVILIZADO PARA LA AGENCIA PARA EL EMPLEO;9395.0
210;03;07;2016/020420;CENTRO DE FORMACIÓN OCUPACIONAL LOS CÁRMENES. ADQUISICIÓN DE MAQUINARIA;605.0
998;03;07;2016/000420;ADQUISICIÓN DE DIVERSO INMOVILIZADO PARA LA AGENCIA PARA EL EMPLEO;2621.44
218;03;07;2016/010420;EQUIPAMIENTO CENTRO DE FORMACIÓN OCUPACIONAL PARA LA MUJER, C/ HUELGA, 5;5661.32
210;03;07;2016/020420;CENTRO DE FORMACIÓN OCUPACIONAL LOS CÁRMENES. ADQUISICIÓN DE MAQUINARIA;11717.24
998;03;07;2016/000420;ADQUISICIÓN DE DIVERSO INMOVILIZADO PARA LA AGENCIA PARA EL EMPLEO;5000.0
998;03;07;2016/000420;ADQUISICIÓN DE DIVERSO INMOVILIZADO PARA LA AGENCIA PARA EL EMPLEO;5000.0
998;03;07;2016/000423;OBRAS DE ACONDICIONAMIENTO CENTROS DE FORMACIÓN DE LA AGENCIA PARA EL EMPLEO;0.0
998;12;00;2016/000030;ADQUISICIÓN DE DESFIBRILADORES PARA VARIAS OFICINAS DE ATENCIÓN AL CONTRIBUYENTE;6000.0
999;00;01;2016/000639;DEPENDENCIAS AGENCIA TRIBUTARIA, C/ SACRAMENTO 5 Y 7. INSTALACIONES TÉCNICAS;41250.42
216;12;00;2016/000635;OFICINA DE ATENCIÓN INTEGRAL AL CONTRIBUYENTE, C/ RAMÓN POWER, 24. MOBILIARIO;1331.0
202;12;00;2016/000636;OFICINA DE ATENCIÓN INTEGRAL AL CONTRIBUYENTE, C/ HIERRO, 27. MOBILIARIO;2299.0
207;12;00;2016/000637;OFICINA ATENCIÓN INTEGRAL CONTRIBUYENTE,C/RAIMUNDO FDEZ.VILLAVERDE,32.MOBILIARIO;6110.5
999;00;01;2016/000638;DEPENDENCIAS AGENCIA TRIBUTARIA, C/ SACRAMENTO  1 Y 5. MOBILIARIO;45980.0
999;00;01;2016/000034;ADQUISICIÓN DE EQUIPOS PARA PROCESO DE DATOS;33882.93
212;04;00;2006/000281;CONSTRUCCIÓN DEL CENTRO MUNICIPAL DE SALUD DE  USERA;139777.73
218;04;02;2016/000888;LETRINAS SANITARIAS EN EL POBLADO EL GALLINERO. OBRAS DE CONSTRUCCIÓN;72500.0
210;04;04;2016/000914;EDIFICIO ANEXO CENTRO DE PROTECCIÓN ANIMAL PARA ATENCIÓN QUIRÚRGICA Y ALMACÉN;0.0
998;04;00;2016/000019;MAQUINARIA PARA LOS CENTROS DEPENDIENTES DE MADRID SALUD;333.47
204;04;00;2016/010019;SECCIÓN DIAGNÓSTICO POR IMAGEN, C/MONTESA, 22. EDIFICIO A. ADQUISICIÓN MAQUINARIA;81156.01
204;04;00;2016/020019;SERVICIO DE FARMACIA, C/ MONTESA, 22 EDIFICIO A. ADQUISICIÓN DE MAQUINARIA;22214.86
216;04;03;2016/030019;CENTRO ATENCIÓN DROGODEPENDIENTES HORTALEZA. ADQUISICIÓN MAQUINARIA;141.86
217;04;03;2016/040019;CENTRO ATENCIÓN DROGODEPENDIENTES VILLAVERDE. ADQUISICIÓN MAQUINARIA;141.86
216;04;02;2016/050019;LABORATORIO DE SALUD PÚBLICA, C/ EMIGRANTES, 20. ADQUISICIÓN DE MAQUINARIA;330392.06
218;04;02;2016/060019;DEPARTAMENTO DE INSPECCIÓN DE MERCAMADRID. ADQUISICIÓN DE MAQUINARIA;5410.82
203;04;00;2016/070019;INSTITUTO DE ADICCIONES, AV.DEL MEDITERRÁNEO, 62. ADQUISICIÓN MAQUINARIA;428.99
209;04;00;2016/080019;INSTITUTO DE MEDICINA PREVENTIVA FABIOLA DE MORA Y ARAGÓN.  MAQUINARIA;22054.67
210;04;04;2016/090019;CENTRO DE PROTECCIÓN ANIMAL, CRTA.Bº.DE LA FORTUNA, 33. ADQUISICIÓN MAQUINARIA;12182.09
203;04;00;2016/100019;DEPARTAMENTO DE PREVENCIÓN Y PROMOCIÓN DE LA SALUD. ADQUISICIÓN MAQUINARIA;11651.89
203;04;02;2016/110019;DEPARTAMENTO DE SALUD ALIMENTARIA. ADQUISICIÓN DE MAQUINARIA;108.78
209;04;04;2016/120019;CENTRO DE ESTERILIZACIÓN DEL CENTRO DE PROTECCIÓN ANIMAL. MAQUINARIA;15614.45
213;04;03;2016/130019;CENTRO ATENCIÓN DE DROGODEPENDIENTES DE VALLECAS. ADQUISICIÓN MAQUINARIA;871.2
212;04;00;2016/140019;CENTRO MADRID SALUD DE USERA, C/ AVENA, 3. ADQUISICIÓN DE MAQUINARIA;289.99
998;04;00;2016/000020;INSTALACIONES TÉCNICAS PARA LOS CENTROS DE MADRID SALUD;75.06
203;04;00;2016/010020;SEDE MADRID SALUD, AV. DEL MEDITERRÁNEO, 62. INSTALACIONES TÉCNICAS;131547.96
216;04;02;2016/020020;LABORATORIO DE SALUD PÚBLICA, C/ EMIGRANTES, 20. INSTALACIONES TÉCNICAS;196747.02
215;04;00;2016/030020;CENTRO MADRID SALUD CIUDAD LINEAL, PZ.AGUSTÍN GONZÁLEZ,1. INSTALACIONES TÉCNICAS;21629.96
998;04;00;2016/000021;EQUIPAMIENTO DE LOS DIFERENTES CENTROS DE MADRID SALUD;404.56
203;04;00;2016/040021;EQUIPAMIENTO SERVICIOS CENTRALES DE MADRID SALUD, AV.MEDITERRÁNEO, 62;114110.18
209;04;04;2016/050021;EQUIPAMIENTO NUEVO CENTRO DE ESTERILIZACIÓN DEL CENTRO DE PROTECCIÓN ANIMAL;3985.26
998;04;00;2016/000021;EQUIPAMIENTO DE LOS DIFERENTES CENTROS DE MADRID SALUD;416.04
203;04;02;2016/010021;EQUIPAMIENTO DEPARTAMENTO DE SEGURIDAD ALIMENTARIA, AV.MEDITERRÁNEO, 62;375.1
203;04;00;2016/020021;EQUIPAMIENTO UNIDAD TÉCNICA DE COMUNICACIÓN, AV. DEL MEDITERRÁNEO, 62;19960.84
203;04;00;2016/030021;EQUIPAMIENTO DEPARTAMENTO DE PREVENCIÓN Y PROMOCIÓN DE LA SALUD;18336.48
209;04;04;2016/050021;EQUIPAMIENTO NUEVO CENTRO DE ESTERILIZACIÓN DEL CENTRO DE PROTECCIÓN ANIMAL;32162.33
213;04;03;2016/060021;EQUIPAMIENTO CENTRO ATENCIÓN DROGODEPENDIENTES DE VALLECAS, C/ CONCORDIA, 17;6080.95
204;04;00;2016/070021;EQUIPAMIENTO LABORATORIO DE ANÁLISIS CLÍNICOS, C/ MONTESA, 22;180.9
209;04;00;2016/080021;EQUIPAMIENTO INSTITUTO DE MEDICINA PREVENTIVA FABIOLA DE MORA Y ARAGÓN;503.36
210;04;03;2016/090021;EQUIPAMIENTO CENTRO ATENCIÓN DROGODEPENDIENTES DE LATINA, C/ CAMARENA, 10;47.0
216;04;03;2016/100021;EQUIPAMIENTO CENTRO ATENCIÓN DROGODEPENDIENTES HORTALEZA, C/ MINAYA, 7;137.0
998;04;00;2016/000023;SEÑALIZACIÓN DE LOS DIFERENTES CENTROS DE MADRID SALUD;253.47
203;04;00;2016/010023;EDIFICIO SEDE MADRID SALUD, AV. DEL MEDITERRÁNEO, 62 . SEÑALIZACIÓN;12491.53
998;04;00;2016/000024;REFORMAS PARA LOS DIFERENTES CENTROS DE MADRID SALUD;2.32
211;04;00;2016/010024;CENTRO MADRID SALUD CARABANCHEL, C/ EUGENIA DE MONTIJO, 90. OBRAS DE REFORMA;11295.35
203;04;00;2016/020024;SEDE MADRID SALUD, AV. DEL MEDITERRÁNEO, 62. OBRAS DE ACONDICIONAMIENTO;472448.45
203;04;04;2016/030024;CASITA DEL PESCADOR. ADECUACIÓN PUNTO INFORMACIÓN FOMENTO BIENESTAR ANIMAL;28054.93
210;04;00;2016/040024;CENTRO MADRID SALUD DE LATINA, Pº EXTREMADURA, 147. REFORMA;4658.5
204;04;00;2016/050024;EDIFICIO DE MADRID SALUD C/ MONTESA, 22 EDIFICIO A. OBRAS DE CONSERVACIÓN;3009.45
216;04;02;2016/060024;LABORATORIO DE SALUD PÚBLICA, C/ EMIGRANTES, 20. OBRAS DE ACONDICIONAMIENTO;60107.25
218;04;00;2016/070024;CENTRO DE MADRID SALUD VILLA DE VALLECAS, PZ. SIERRA GADOR, 68. OBRAS DE REFORMA;22322.06
209;04;04;2016/080024;CENTRO DE ESTERILIZACIÓN DEL CENTRO DE PROTECCIÓN ANIMAL. ACONDICIONAMIENTO;59732.94
210;04;04;2016/090024;CENTRO DE PROTECCIÓN ANIMAL, CRTA. Bº. DE LA FORTUNA, 33.  ACONDICIONAMIENTO;52890.48
202;04;00;2016/100024;CENTRO DE MADRID SALUD DE ARGANZUELA. OBRAS DE CONSERVACIÓN;36154.38
206;04;00;2016/110024;CENTRO DE MADRID SALUD DE TETUÁN. OBRAS DE REFORMA;29718.89
998;04;00;2016/000025;APLICACIONES INFORMATICAS NUEVAS PARA DESARROLLO DE PROGRAMAS DE MADRID SALUD;265.69
203;04;00;2016/010025;SERVICIO DE PREVENCIÓN Y PROMOCIÓN DE LA SALUD. APLICACIONES INFORMÁTICAS;5136.45
203;04;00;2016/020025;UNIDAD TÉCNICA COMUNICACIÓN MADRID SALUD.ADQUISICIÓN LICENCIAS ADOBE CREATIVE;7097.86
