Centro;Descripcion Centro;Capitulo;Descripcion Capitulo;Economico;Descripcion Economico;PREV.INICIAL;MODIFICACIONES;PREV.DEFINITIV;D. RECON.NETOS;RECAUDADO
001;AYUNTAMIENTO DE MADRID;1;IMPUESTOS DIRECTOS;10000;IMPUESTO SOBRE LA RENTA DE LAS PERSONAS FÍSICAS;117171788;0;117171788;121157687,4;121157687,4
001;AYUNTAMIENTO DE MADRID;1;IMPUESTOS DIRECTOS;11200;IMPUESTO S/BIENES INMUEBLES DE NATURALEZA RÚSTICA;612531;0;612531;765255,72;324055,99
001;AYUNTAMIENTO DE MADRID;1;IMPUESTOS DIRECTOS;11300;IMPUESTO S/ BIENES INMUEBLES DE NATURALEZA URBANA;1345255611;0;1345255611;1384319724;564098001,6
001;AYUNTAMIENTO DE MADRID;1;IMPUESTOS DIRECTOS;11400;IMPUESTO S/ BIENES INMUEBLES CARACTER. ESPECIALES;51253331;0;51253331;51268581,56;429543,96
001;AYUNTAMIENTO DE MADRID;1;IMPUESTOS DIRECTOS;11500;IMPUESTO SOBRE VEHÍCULOS DE TRACCIÓN MECÁNICA;133521493;0;133521493;157513739,2;121168035,5
001;AYUNTAMIENTO DE MADRID;1;IMPUESTOS DIRECTOS;11600;IMPUESTO S/ EL INCREMENTO DE VALOR DE LOS TERRENOS;644331982;0;644331982;635203666,6;557752987,6
001;AYUNTAMIENTO DE MADRID;1;IMPUESTOS DIRECTOS;13000;ACTIVIDADES EMPRESARIALES;129907197;0;129907197;131977116,3;47340830,14
001;AYUNTAMIENTO DE MADRID;1;IMPUESTOS DIRECTOS;13001;ACTIVIDADES PROFESIONALES Y ARTÍSTICAS;548;0;548;2029,88;920,55
001;AYUNTAMIENTO DE MADRID;1;IMPUESTOS DIRECTOS;18900;IMPUESTOS DIRECTOS EXTINGUIDOS;21574;0;21574;1460,09;1460,09
001;AYUNTAMIENTO DE MADRID;2;IMPUESTOS INDIRECTOS;21000;IMPUESTO SOBRE EL VALOR AÑADIDO;57465029;0;57465029;66795733,91;66795733,91
001;AYUNTAMIENTO DE MADRID;2;IMPUESTOS INDIRECTOS;22000;IMPUESTO SOBRE EL ALCOHOL Y BEBIDAS DERIVADAS;791037;0;791037;802475,3;802475,3
001;AYUNTAMIENTO DE MADRID;2;IMPUESTOS INDIRECTOS;22001;IMPUESTO SOBRE LA CERVEZA;298828;0;298828;307766,67;307766,67
001;AYUNTAMIENTO DE MADRID;2;IMPUESTOS INDIRECTOS;22003;IMPUESTO SOBRE LABORES DE TABACO;7301912;0;7301912;6218393,16;6218393,16
001;AYUNTAMIENTO DE MADRID;2;IMPUESTOS INDIRECTOS;22004;IMPUESTO SOBRE HIDROCARBUROS;7331922;0;7331922;7442318,23;7442318,23
001;AYUNTAMIENTO DE MADRID;2;IMPUESTOS INDIRECTOS;22006;IMPUESTO SOBRE PRODUCTOS INTERMEDIOS;17339;0;17339;21956,6;21956,6
001;AYUNTAMIENTO DE MADRID;2;IMPUESTOS INDIRECTOS;29000;IMPUESTO S/CONSTRUCCIONES, INSTALAC. Y OBRAS;64388069;0;64388069;75462686,09;64469327,95
001;AYUNTAMIENTO DE MADRID;2;IMPUESTOS INDIRECTOS;29100;IMPUESTO COTOS DE CAZA Y PESCA;350;0;350;329,35;329,35
001;AYUNTAMIENTO DE MADRID;3;TASAS Y OTROS INGRESOS;30200;RETIRADA CONTENEDORES DE LA VÍA PÚBLICA;30000;0;30000;35476,36;31068,04
001;AYUNTAMIENTO DE MADRID;3;TASAS Y OTROS INGRESOS;30300;TASA POR GESTIÓN DE RESIDUOS;38175762;0;38175762;42638454,1;17880862,81
001;AYUNTAMIENTO DE MADRID;3;TASAS Y OTROS INGRESOS;30301;VERTEDERO;1048350;0;1048350;1475220,13;1024166,09
001;AYUNTAMIENTO DE MADRID;3;TASAS Y OTROS INGRESOS;30302;RECOGIDA DE DESECHOS E INCINERACIÓN;82601;0;82601;57613,5;46037,7
001;AYUNTAMIENTO DE MADRID;3;TASAS Y OTROS INGRESOS;30500;SERVICIOS DE HIGIENE Y SALUD PÚBLICA;0;0;0;88427,52;57271,77
001;AYUNTAMIENTO DE MADRID;3;TASAS Y OTROS INGRESOS;30503;CASAS DE BAÑO;37885;0;37885;35723,5;35723,5
001;AYUNTAMIENTO DE MADRID;3;TASAS Y OTROS INGRESOS;30600;MANTENIMIENTO DEL SERVICIO DE BOMBEROS;16000000;0;16000000;16691193,51;15685757,38
001;AYUNTAMIENTO DE MADRID;3;TASAS Y OTROS INGRESOS;30900;BOLETIN AYUNTAMIENTO DE MADRID;3000;0;3000;4246,24;4246,24
001;AYUNTAMIENTO DE MADRID;3;TASAS Y OTROS INGRESOS;30901;CENTRO MUNICIPAL DE ACÚSTICA;5000;0;5000;3542,51;3542,51
001;AYUNTAMIENTO DE MADRID;3;TASAS Y OTROS INGRESOS;30902;TRANSPORTES ESPECIALES;0;0;0;16101,25;16101,25
001;AYUNTAMIENTO DE MADRID;3;TASAS Y OTROS INGRESOS;30903;COPIAS, FOTOCOPIAS Y FOTOGRAFÍAS;68324;0;68324;111611,16;111611,16
001;AYUNTAMIENTO DE MADRID;3;TASAS Y OTROS INGRESOS;30904;GALERIAS MUNICIPALES DE SERVICIOS;1499468;0;1499468;12425827,52;5047696,51
001;AYUNTAMIENTO DE MADRID;3;TASAS Y OTROS INGRESOS;30905;DERECHOS DE EXAMEN;396600;0;396600;108677,83;108677,83
001;AYUNTAMIENTO DE MADRID;3;TASAS Y OTROS INGRESOS;30998;TASAS EXTINGUIDAS SERV. PÚBLICOS BÁSICOS;0;0;0;127696,77;-106112,4
001;AYUNTAMIENTO DE MADRID;3;TASAS Y OTROS INGRESOS;31100;SERVICIOS SANITARIOS;1100000;0;1100000;1026339,18;871699,68
001;AYUNTAMIENTO DE MADRID;3;TASAS Y OTROS INGRESOS;31600;PLANETARIO DE MADRID;300000;0;300000;228,7;228,7
001;AYUNTAMIENTO DE MADRID;3;TASAS Y OTROS INGRESOS;31900;MATRIMONIOS CIVILES;167305;0;167305;194628,1;194628,1
001;AYUNTAMIENTO DE MADRID;3;TASAS Y OTROS INGRESOS;31999;OTRAS TASAS POR PREST. SERV.  CARÁCTER PREFERENTE;25200;0;25200;0;0
001;AYUNTAMIENTO DE MADRID;3;TASAS Y OTROS INGRESOS;32100;LICENCIAS URBANÍSTICAS;10161756;0;10161756;11994201,19;10311112,09
001;AYUNTAMIENTO DE MADRID;3;TASAS Y OTROS INGRESOS;32199;OTRAS PRESTACIONES URBANÍSTICAS;2743995;0;2743995;2628758,14;1933659,37
001;AYUNTAMIENTO DE MADRID;3;TASAS Y OTROS INGRESOS;32200;LICENCIAS DE PRIMERA OCUPACIÓN;1034034;0;1034034;1035064,39;1003183,82
001;AYUNTAMIENTO DE MADRID;3;TASAS Y OTROS INGRESOS;32500;EXPEDICIÓN DOCUMENTOS ADMINISTRATIVOS;860099;0;860099;1031156,08;1031156,08
001;AYUNTAMIENTO DE MADRID;3;TASAS Y OTROS INGRESOS;32600;RETIRADA DE VEHÍCULOS DE LA VÍA PÚBLICA;4414963;0;4414963;8994516,15;5374944,2
001;AYUNTAMIENTO DE MADRID;3;TASAS Y OTROS INGRESOS;32601;DEPÓSITO DE VEHÍCULOS A REQUERIMIENTO AUTORIDADES;0;0;0;-3668,32;-3668,32
001;AYUNTAMIENTO DE MADRID;3;TASAS Y OTROS INGRESOS;32900;AUTOTAXIS;1117383;0;1117383;890099,16;890099,16
001;AYUNTAMIENTO DE MADRID;3;TASAS Y OTROS INGRESOS;32998;TASAS EXTINGUIDAS POR REALIZACIÓN DE ACTIVIDADES;67309;0;67309;26227,14;26227,14
001;AYUNTAMIENTO DE MADRID;3;TASAS Y OTROS INGRESOS;32999;OTRAS TASAS POR REALIZACIÓN DE ACTIVIDADES;12000;0;12000;16747,28;16747,28
001;AYUNTAMIENTO DE MADRID;3;TASAS Y OTROS INGRESOS;33000;ESTACIONAMIENTO DE VEHÍCULOS DE RESIDENTES;5382925;0;5382925;2515969,39;2515969,39
001;AYUNTAMIENTO DE MADRID;3;TASAS Y OTROS INGRESOS;33001;ESTACIONAMIENTO DE VEHÍCULOS COMERC. E INDUSTR.;1990141;0;1990141;2129684,45;2129684,45
001;AYUNTAMIENTO DE MADRID;3;TASAS Y OTROS INGRESOS;33002;VEHÍCULOS MULTIUSUARIOS USO COMPARTIDO;80000;0;80000;0;0
001;AYUNTAMIENTO DE MADRID;3;TASAS Y OTROS INGRESOS;33003;TALLERES DE REPARACIÓN;12000;0;12000;14553;14553
001;AYUNTAMIENTO DE MADRID;3;TASAS Y OTROS INGRESOS;33011;ESTACIONAMIENTO DE VEHÍCULOS LOTE 1;18942956;0;18942956;15939892,14;15584688,29
001;AYUNTAMIENTO DE MADRID;3;TASAS Y OTROS INGRESOS;33012;ESTACIONAMIENTO DE VEHÍCULOS LOTE 2;24676569;0;24676569;21811463,75;21298428,4
001;AYUNTAMIENTO DE MADRID;3;TASAS Y OTROS INGRESOS;33013;ESTACIONAMIENTO DE VEHÍCULOS LOTE 3;22557228;0;22557228;18364018,15;17981984,8
001;AYUNTAMIENTO DE MADRID;3;TASAS Y OTROS INGRESOS;33014;ESTACIONAMIENTO DE VEHÍCULOS ZONA 4;59000;0;59000;85412,1;85412,1
001;AYUNTAMIENTO DE MADRID;3;TASAS Y OTROS INGRESOS;33015;ESTACIONAMIENTO DE VEHÍCULOS ZONA 5;116000;0;116000;138812,35;138812,35
001;AYUNTAMIENTO DE MADRID;3;TASAS Y OTROS INGRESOS;33016;ESTACIONAMIENTO DE VEHÍCULOS ZONA 6;76000;0;76000;90578,35;90578,35
001;AYUNTAMIENTO DE MADRID;3;TASAS Y OTROS INGRESOS;33017;ESTACIONAMIENTO DE VEHÍCULOS LOTE 4;22337986;0;22337986;19093222,1;18681391
001;AYUNTAMIENTO DE MADRID;3;TASAS Y OTROS INGRESOS;33100;ENTRADA DE VEHÍCULOS;28753226;0;28753226;28515671,56;14460490,65
001;AYUNTAMIENTO DE MADRID;3;TASAS Y OTROS INGRESOS;33200;EMPRESAS EXPLOTADORAS SERV. DE SUMINISTROS;55652740;0;55652740;39816774,47;24908779,74
001;AYUNTAMIENTO DE MADRID;3;TASAS Y OTROS INGRESOS;33300;EMPRESAS EXPLOT. SERV. TELECOMUNICACIONES MÓVILES;12000000;0;12000000;4391375,12;13486,39
001;AYUNTAMIENTO DE MADRID;3;TASAS Y OTROS INGRESOS;33400;TASA POR APERTURA DE CALAS Y ZANJAS;215180;0;215180;375907,58;374150,95
001;AYUNTAMIENTO DE MADRID;3;TASAS Y OTROS INGRESOS;33500;TERRAZAS;7833123;0;7833123;8957951,67;5692227,39
001;AYUNTAMIENTO DE MADRID;3;TASAS Y OTROS INGRESOS;33600;TASA CAJEROS AUTOMÁTICOS;745405;0;745405;509360,38;459095,67
001;AYUNTAMIENTO DE MADRID;3;TASAS Y OTROS INGRESOS;33800;COMPENSACIÓN TELEFÓNICA, S.A. (LEY 15/87);15093837;0;15093837;15581857,32;15581857,32
001;AYUNTAMIENTO DE MADRID;3;TASAS Y OTROS INGRESOS;33900;VALLAS Y ANDAMIOS;8501769;0;8501769;9808066,45;7726287,45
001;AYUNTAMIENTO DE MADRID;3;TASAS Y OTROS INGRESOS;33901;PUESTOS;1475045;0;1475045;1601252,11;1183465,11
001;AYUNTAMIENTO DE MADRID;3;TASAS Y OTROS INGRESOS;33902;FIESTAS CALLEJERAS;16900;0;16900;2159,94;1043,52
001;AYUNTAMIENTO DE MADRID;3;TASAS Y OTROS INGRESOS;33903;USOS PARTICULARES DEL SUBSUELO;334097;0;334097;294042,1;14596,3
001;AYUNTAMIENTO DE MADRID;3;TASAS Y OTROS INGRESOS;33904;SURTIDORES DE GASOLINA;491224;0;491224;659669,3;659669,3
001;AYUNTAMIENTO DE MADRID;3;TASAS Y OTROS INGRESOS;33905;CONTENEDORES;500000;0;500000;1171129,68;1171114,24
001;AYUNTAMIENTO DE MADRID;3;TASAS Y OTROS INGRESOS;33906;PUBLICIDAD EN VALLAS, ANDAMIOS Y SIMILARES;370415;0;370415;135934,3;66649,18
001;AYUNTAMIENTO DE MADRID;3;TASAS Y OTROS INGRESOS;33907;ACCIONES PUBLICITARIAS EN LA VÍA PÚBLICA;964696;0;964696;929629,39;546221,33
001;AYUNTAMIENTO DE MADRID;3;TASAS Y OTROS INGRESOS;33998;TASAS EXTINGUIDAS POR UTILIZ. PRIVAT. DOMINIO PUB.;0;0;0;-1214,91;-1214,91
001;AYUNTAMIENTO DE MADRID;3;TASAS Y OTROS INGRESOS;33999;OTROS APROVECHAMIENTOS;5363316;0;5363316;6992346,97;3522525,08
001;AYUNTAMIENTO DE MADRID;3;TASAS Y OTROS INGRESOS;34100;ASESORAMIENTO SANITARIO Y VACUNAS;0;0;0;175981,94;175981,94
001;AYUNTAMIENTO DE MADRID;3;TASAS Y OTROS INGRESOS;34101;ANÁLISIS CLÍNICOS;0;0;0;4450,13;784,3
001;AYUNTAMIENTO DE MADRID;3;TASAS Y OTROS INGRESOS;34200;ESCUELA DE CERÁMICA;93779;0;93779;86700,6;86700,6
001;AYUNTAMIENTO DE MADRID;3;TASAS Y OTROS INGRESOS;34202;ESCUELA DE SALUD PÚBLICA;0;0;0;8243,4;8243,4
001;AYUNTAMIENTO DE MADRID;3;TASAS Y OTROS INGRESOS;34300;PISCINAS E INSTALACIONES DEPORTIVAS;29689000;0;29689000;25996535,6;25996535,6
001;AYUNTAMIENTO DE MADRID;3;TASAS Y OTROS INGRESOS;34600;TALLERES CULTURALES;11120387;0;11120387;10552885,17;10552885,17
001;AYUNTAMIENTO DE MADRID;3;TASAS Y OTROS INGRESOS;34601;ACTIVIDADES SOCIALES Y CULTURALES;56659;0;56659;46356,23;46356,23
001;AYUNTAMIENTO DE MADRID;3;TASAS Y OTROS INGRESOS;34602;RESIDENCIAS MUNICIPALES;122415;0;122415;112663,2;112663,2
001;AYUNTAMIENTO DE MADRID;3;TASAS Y OTROS INGRESOS;34603;SERVICIO DE COMEDOR;0;0;0;20070,4;20070,4
001;AYUNTAMIENTO DE MADRID;3;TASAS Y OTROS INGRESOS;34606;CENTROS ESCOLARES ABIERTOS;1245446;0;1245446;984721,75;984721,75
001;AYUNTAMIENTO DE MADRID;3;TASAS Y OTROS INGRESOS;34699;OTROS SERVICIOS SOCIO CULTURALES;57142;0;57142;64336,35;52336,35
001;AYUNTAMIENTO DE MADRID;3;TASAS Y OTROS INGRESOS;34700;OBRAS POR PASOS DE CARRUAJES;0;187966,13;187966,13;276541,28;201829,2
001;AYUNTAMIENTO DE MADRID;3;TASAS Y OTROS INGRESOS;34701;OBRAS EN LA VÍA PUBLICA - DISTRITOS;0;16329,26;16329,26;36341,63;28367,38
001;AYUNTAMIENTO DE MADRID;3;TASAS Y OTROS INGRESOS;34702;OTRAS OBRAS EN LA VÍA PÚBLICA;0;0;0;113499,3;113499,3
001;AYUNTAMIENTO DE MADRID;3;TASAS Y OTROS INGRESOS;34800;PRECIOS PÚBLICOS EXTINGUIDOS;0;0;0;-2401,42;-2401,42
001;AYUNTAMIENTO DE MADRID;3;TASAS Y OTROS INGRESOS;34999;OTROS PRECIOS PÚBLICOS;2086634;0;2086634;868365,86;764678,72
001;AYUNTAMIENTO DE MADRID;3;TASAS Y OTROS INGRESOS;36000;VENTA DE EFECTOS INÚTILES;38700;0;38700;4248280,55;3691563,62
001;AYUNTAMIENTO DE MADRID;3;TASAS Y OTROS INGRESOS;36001;REVISTAS Y DEMÁS PUBLICACIONES;37217;0;37217;11357,73;11357,73
001;AYUNTAMIENTO DE MADRID;3;TASAS Y OTROS INGRESOS;36004;VENTA DE ELECTRICIDAD;15000;0;15000;20553,09;20553,09
001;AYUNTAMIENTO DE MADRID;3;TASAS Y OTROS INGRESOS;38900;PAGOS DE  EJERCICIOS ANTERIORES;2107380;0;2107380;3128207,81;1114808,38
001;AYUNTAMIENTO DE MADRID;3;TASAS Y OTROS INGRESOS;38999;OTROS REINTEGROS;153666;8903993,32;9057659,32;8903993,32;8903993,32
001;AYUNTAMIENTO DE MADRID;3;TASAS Y OTROS INGRESOS;39100;INFRACCIONES URBANÍSTICAS;479485;0;479485;1034464,43;372574,7
001;AYUNTAMIENTO DE MADRID;3;TASAS Y OTROS INGRESOS;39110;INFRACCIONES TRIBUTARIAS Y ANÁLOGAS;7556311;0;7556311;10508326,98;3108637,09
001;AYUNTAMIENTO DE MADRID;3;TASAS Y OTROS INGRESOS;39120;INFRACCIONES ORDENANZA DE CIRCULACIÓN;95685530;0;95685530;179823553,2;81222644,15
001;AYUNTAMIENTO DE MADRID;3;TASAS Y OTROS INGRESOS;39130;MULTAS COERCITIVAS;822462;0;822462;1457651,28;230218,42
001;AYUNTAMIENTO DE MADRID;3;TASAS Y OTROS INGRESOS;39190;OTRAS MULTAS Y SANCIONES;5542457;0;5542457;16640232,65;3560601,1
001;AYUNTAMIENTO DE MADRID;3;TASAS Y OTROS INGRESOS;39200;RECARGO POR EXTEMPORANEIDAD;725064;0;725064;65568,19;5898,13
001;AYUNTAMIENTO DE MADRID;3;TASAS Y OTROS INGRESOS;39210;RECARGO EJECUTIVO;4309609;0;4309609;4140852,42;4140852,42
001;AYUNTAMIENTO DE MADRID;3;TASAS Y OTROS INGRESOS;39211;RECARGO DE APREMIO;23419342;0;23419342;18252614,65;18252614,65
001;AYUNTAMIENTO DE MADRID;3;TASAS Y OTROS INGRESOS;39300;INTERESES DE DEMORA;24965210;0;24965210;12956791,13;12127699,29
001;AYUNTAMIENTO DE MADRID;3;TASAS Y OTROS INGRESOS;39610;POLÍGONOS DE COOPERACIÓN;0;0;0;359693,72;270881,33
001;AYUNTAMIENTO DE MADRID;3;TASAS Y OTROS INGRESOS;39611;INGR.  DE PARTICULARES PARA OBRAS DE URBANIZACIÓN;0;672905,91;672905,91;477499,5;443531,09
001;AYUNTAMIENTO DE MADRID;3;TASAS Y OTROS INGRESOS;39710;OTROS INGRESOS POR APROVECHAMIENTOS URBANISTICOS;14907466;0;14907466;8312568,58;8271493,97
001;AYUNTAMIENTO DE MADRID;3;TASAS Y OTROS INGRESOS;39800;INDEMNIZACIONES DE SEGUROS DE NO VIDA;0;0;0;403,98;403,98
001;AYUNTAMIENTO DE MADRID;3;TASAS Y OTROS INGRESOS;39901;RECURSOS EVENTUALES;47298;0;47298;1852305,91;1709278,2
001;AYUNTAMIENTO DE MADRID;3;TASAS Y OTROS INGRESOS;39902;INGRESOS POR ACCIÓN SUBSIDIARIA;0;112505,81;112505,81;2724711,17;158577,98
001;AYUNTAMIENTO DE MADRID;3;TASAS Y OTROS INGRESOS;39904;CONSUMOS EDIFICIOS MUNICIPALES;0;0;0;446148,87;350733,39
001;AYUNTAMIENTO DE MADRID;3;TASAS Y OTROS INGRESOS;39905;INCAUTACIÓN GARANTÍAS DE CONTRATOS;0;0;0;13638,3;13638,3
001;AYUNTAMIENTO DE MADRID;3;TASAS Y OTROS INGRESOS;39906;IMPORTE ANUNCIOS A CARGO DE PARTICULARES;0;178632,89;178632,89;595854,03;595854,03
001;AYUNTAMIENTO DE MADRID;3;TASAS Y OTROS INGRESOS;39907;DEPORTES;0;0;0;5952;5952
001;AYUNTAMIENTO DE MADRID;3;TASAS Y OTROS INGRESOS;39908;ACTIVIDADES AL AIRE LIBRE;16000;0;16000;30320,8;30320,8
001;AYUNTAMIENTO DE MADRID;3;TASAS Y OTROS INGRESOS;39909;ESCUELAS INFANTILES;250000;0;250000;84752,93;84752,93
001;AYUNTAMIENTO DE MADRID;3;TASAS Y OTROS INGRESOS;39910;COSTAS IMPUESTAS POR EL TEAM;0;0;0;494,6;244,4
001;AYUNTAMIENTO DE MADRID;3;TASAS Y OTROS INGRESOS;39920;SISTEMA DE GESTIÓN DE ENVASES;29828397;0;29828397;21190120,18;20989526,41
001;AYUNTAMIENTO DE MADRID;3;TASAS Y OTROS INGRESOS;39921;SISTEMA GESTIÓN RESIDUOS ELÉCTRICOS Y ELECTRÓNICOS;150000;0;150000;139035,66;128145,71
001;AYUNTAMIENTO DE MADRID;3;TASAS Y OTROS INGRESOS;39980;EMBARGOS Y/O COMPENSACIONES RECAUDACIÓN EJECUTIVA;157173;0;157173;77565,49;77565,49
001;AYUNTAMIENTO DE MADRID;3;TASAS Y OTROS INGRESOS;39999;OTROS INGRESOS DIVERSOS;14738245;0;14738245;5435282,02;795552,05
001;AYUNTAMIENTO DE MADRID;4;TRANSFERENCIAS CORRIENTES;41000;DE ORGANISMOS AUTÓNOMOS DEL AYUNTAMIENTO DE MADRID;0;13802887,01;13802887,01;10518,26;10518,26
001;AYUNTAMIENTO DE MADRID;4;TRANSFERENCIAS CORRIENTES;42010;FONDO COMPLEMENTARIO DE FINANCIACIÓN;1389689608;0;1389689608;1275072555;1275072555
001;AYUNTAMIENTO DE MADRID;4;TRANSFERENCIAS CORRIENTES;42020;COMPENSACIÓN POR BENEFICIOS FISCALES;600000;0;600000;659874,39;659874,39
001;AYUNTAMIENTO DE MADRID;4;TRANSFERENCIAS CORRIENTES;42102;DEL INSTITUTO NACIONAL DE ESTADÍSTICA (INE);32000;0;32000;31914,4;31914,4
001;AYUNTAMIENTO DE MADRID;4;TRANSFERENCIAS CORRIENTES;42300;DE LA S.E. LOTERÍAS Y APUESTAS DEL ESTADO;330000;0;330000;233360;233360
001;AYUNTAMIENTO DE MADRID;4;TRANSFERENCIAS CORRIENTES;42390;OT.TRANSF.SDADS.MERCAN.ESTA,EE.PP.EE Y OT.ORG.PÚB;0;5000;5000;5000;5000
001;AYUNTAMIENTO DE MADRID;4;TRANSFERENCIAS CORRIENTES;45002;C. MADRID - ATENCIÓN DEPENDENCIA Y OTROS PROGRAMAS;70000000;0;70000000;34500000;34500000
001;AYUNTAMIENTO DE MADRID;4;TRANSFERENCIAS CORRIENTES;45003;COMUNIDAD DE MADRID - ATENCIÓN PERSONAS SIN HOGAR;250000;0;250000;0;0
001;AYUNTAMIENTO DE MADRID;4;TRANSFERENCIAS CORRIENTES;45030;COM. DE MADRID - ESCUELAS INFANTILES. RED PÚBLICA;5344838;0;5344838;4094487,02;4094487,02
001;AYUNTAMIENTO DE MADRID;4;TRANSFERENCIAS CORRIENTES;45031;COM. DE MADRID - ESCUELAS INFANTILES.LINEA PRIVADA;801381;0;801381;817600,18;817600,18
001;AYUNTAMIENTO DE MADRID;4;TRANSFERENCIAS CORRIENTES;45032;COM.  DE MADRID - EDUCACIÓN. ABSENTISMO ESCOLAR;400000;0;400000;200000;200000
001;AYUNTAMIENTO DE MADRID;4;TRANSFERENCIAS CORRIENTES;45050;COM.  DE MADRID - CENTRO OCUPACIONAL VILLAVERDE;921646;0;921646;639155,73;639155,73
001;AYUNTAMIENTO DE MADRID;4;TRANSFERENCIAS CORRIENTES;45060;OTROS CONVENIOS DE LA COMUNIDAD DE MADRID;0;0;0;1250000;1250000
001;AYUNTAMIENTO DE MADRID;4;TRANSFERENCIAS CORRIENTES;45062;C. DE MADRID - ERRADICACIÓN VIOLENCIA DE GÉNERO;428889;0;428889;407120,2;407120,2
001;AYUNTAMIENTO DE MADRID;4;TRANSFERENCIAS CORRIENTES;45080;OTRAS SUBVENCIONES DE LA COMUNIDAD DE MADRID;275000;16697,58;291697,58;151623,2;151623,2
001;AYUNTAMIENTO DE MADRID;4;TRANSFERENCIAS CORRIENTES;47000;PARA ACTIVIDADES DEPORT., CULT.Y DE ESPARCIMIENTO;0;35000;35000;35000;35000
001;AYUNTAMIENTO DE MADRID;4;TRANSFERENCIAS CORRIENTES;47001;FORO DE EMPRESAS;945000;0;945000;927500;927500
001;AYUNTAMIENTO DE MADRID;4;TRANSFERENCIAS CORRIENTES;47099;OTRAS TRANSFERENCIAS DE EMPRESAS PRIVADAS;0;2058;2058;2634,74;2634,74
001;AYUNTAMIENTO DE MADRID;4;TRANSFERENCIAS CORRIENTES;48003;DE LA FUNDACIÓN ESPECIAL CAJAMADRID;0;0;0;20000;20000
001;AYUNTAMIENTO DE MADRID;4;TRANSFERENCIAS CORRIENTES;49001;INICIATIVA EQUAL (FSE);0;0;0;0;0
001;AYUNTAMIENTO DE MADRID;4;TRANSFERENCIAS CORRIENTES;49099;OTRAS TRANSFERENCIAS DEL FONDO SOCIAL EUROPEO;0;0;0;0;0
001;AYUNTAMIENTO DE MADRID;4;TRANSFERENCIAS CORRIENTES;49100;DEL FONDO EUROPEO DE DESARROLLO REGIONAL (FEDER);0;0;0;1796730,17;674344,81
001;AYUNTAMIENTO DE MADRID;4;TRANSFERENCIAS CORRIENTES;49799;OTRAS TRANSFERENCIAS DE LA UNIÓN EUROPEA;0;149851;149851;402698,24;402698,24
001;AYUNTAMIENTO DE MADRID;4;TRANSFERENCIAS CORRIENTES;49899;DE OTROS PROGRAMAS DE LA UNIÓN EUROPEA;0;593944,42;593944,42;1020236,54;1020236,54
001;AYUNTAMIENTO DE MADRID;5;INGRESOS PATRIMONIALES;53400;DE SOCIEDADES Y ENTIDADES DEPENDIENTES DEL AYTO.;40110243;0;40110243;1493516,85;1493516,85
001;AYUNTAMIENTO DE MADRID;5;INGRESOS PATRIMONIALES;53410;SOC. Y ENTID. NO DEPENDIENTES DE LAS ENTID LOCALES;9766255;0;9766255;11942344,15;11942344,15
001;AYUNTAMIENTO DE MADRID;5;INGRESOS PATRIMONIALES;54100;ARRENDAMIENTO DE INMUEBLES URBANOS;8;0;8;71328,32;54817,16
001;AYUNTAMIENTO DE MADRID;5;INGRESOS PATRIMONIALES;55000;CANON VERTEDERO VALDEMINGÓMEZ;0;0;0;483887,12;449450,96
001;AYUNTAMIENTO DE MADRID;5;INGRESOS PATRIMONIALES;55001;CANON APARCAMIENTOS;4323189;0;4323189;6314496,64;4828729,11
001;AYUNTAMIENTO DE MADRID;5;INGRESOS PATRIMONIALES;55002;CANON TELEFÉRICO;8775;0;8775;8774,95;8774,95
001;AYUNTAMIENTO DE MADRID;5;INGRESOS PATRIMONIALES;55003;CANON PARQUE DE ATRACCIONES;345582;0;345582;341179,03;341179,03
001;AYUNTAMIENTO DE MADRID;5;INGRESOS PATRIMONIALES;55004;CANON PARQUE ZOOLÓGICO;25000;0;25000;25000;25000
001;AYUNTAMIENTO DE MADRID;5;INGRESOS PATRIMONIALES;55005;CANON CASA CONTRABANDISTAS;140089;0;140089;367396,26;367396,26
001;AYUNTAMIENTO DE MADRID;5;INGRESOS PATRIMONIALES;55007;CANON QUIOSCOS PARQUES Y JARDINES;2334547;0;2334547;4091041,73;1738277,48
001;AYUNTAMIENTO DE MADRID;5;INGRESOS PATRIMONIALES;55008;CANON CASETAS CLAUDIO MOYANO;69903;0;69903;26957,25;0
001;AYUNTAMIENTO DE MADRID;5;INGRESOS PATRIMONIALES;55009;CANON M-30;625892;0;625892;624662,19;624662,19
001;AYUNTAMIENTO DE MADRID;5;INGRESOS PATRIMONIALES;55010;CANON PALACIO DE HIELO;342156;0;342156;408230,28;408230,28
001;AYUNTAMIENTO DE MADRID;5;INGRESOS PATRIMONIALES;55013;CANON RESTAURANTE PLATAFORMA PUENTE DEL REY;66779;0;66779;95325,12;95325,12
001;AYUNTAMIENTO DE MADRID;5;INGRESOS PATRIMONIALES;55014;CANON UTILIZACIÓN DEL SUELO;59763;0;59763;149786,59;149786,59
001;AYUNTAMIENTO DE MADRID;5;INGRESOS PATRIMONIALES;55015;CANON LOCALES COMERCIALES EN APARCAMIENTOS;6000;0;6000;6582,44;6582,44
001;AYUNTAMIENTO DE MADRID;5;INGRESOS PATRIMONIALES;55016;CANON INSTALACIONES DEPORTIVAS DISTRITOS;1259909;0;1259909;2402176,91;753044,71
001;AYUNTAMIENTO DE MADRID;5;INGRESOS PATRIMONIALES;55017;CANON OTRAS INSTALACIONES DISTRITOS;113348;0;113348;63136,65;56674,75
001;AYUNTAMIENTO DE MADRID;5;INGRESOS PATRIMONIALES;55018;CANON MERCADOS DISTRITO Y CENTROS COMERCIALES;679780;0;679780;991289,02;890682,25
001;AYUNTAMIENTO DE MADRID;5;INGRESOS PATRIMONIALES;55020;CANON COLUMNAS INFORMATIVAS;9658500;0;9658500;10866390,74;3997191,84
001;AYUNTAMIENTO DE MADRID;5;INGRESOS PATRIMONIALES;55022;CANON ESTACIÓN TRANSPORTES MERCANCÍAS;369000;0;369000;361279,33;361279,33
001;AYUNTAMIENTO DE MADRID;5;INGRESOS PATRIMONIALES;55027;CANON ESTACIÓN SUR DE AUTOBUSES;160807;0;160807;164351,15;164351,15
001;AYUNTAMIENTO DE MADRID;5;INGRESOS PATRIMONIALES;55028;CANON TRANSPORTE TURÍSTICO EN MADRID;3863976;0;3863976;4020993,93;4020993,93
001;AYUNTAMIENTO DE MADRID;5;INGRESOS PATRIMONIALES;55029;CANON QUIOSCOS DE LOTERÍAS;39016;0;39016;46909,37;46909,37
001;AYUNTAMIENTO DE MADRID;5;INGRESOS PATRIMONIALES;55030;CANON QUIOSCOS DE PRENSA Y TABACOS;461653;0;461653;490162,06;387609,2
001;AYUNTAMIENTO DE MADRID;5;INGRESOS PATRIMONIALES;55031;CANON CAFETERIAS Y QUIOSCOS EN INST. DEPORTIVAS;96495;0;96495;88946,23;42885,18
001;AYUNTAMIENTO DE MADRID;5;INGRESOS PATRIMONIALES;55032;CANON MÁQUINAS VENDING EN INST.MUNICIPALES;215862;0;215862;281717,23;250654,96
001;AYUNTAMIENTO DE MADRID;5;INGRESOS PATRIMONIALES;55036;APARCAMIENTO Mº JUSTICIA PZA.VILLA PARIS;495749;0;495749;501263;501263
001;AYUNTAMIENTO DE MADRID;5;INGRESOS PATRIMONIALES;55037;CANON HOTEL CASA DE LA CARNICERÍA;420000;0;420000;0;0
001;AYUNTAMIENTO DE MADRID;5;INGRESOS PATRIMONIALES;55038;CANON EXPLOTACIÓN PUBLICITARIA EN GRAN FORMATO;11019861;0;11019861;4540533,55;4540533,55
001;AYUNTAMIENTO DE MADRID;5;INGRESOS PATRIMONIALES;55099;CANON PERIÓDICO POR OTRAS CONCESIONES;673267;0;673267;763617,48;524833,57
001;AYUNTAMIENTO DE MADRID;5;INGRESOS PATRIMONIALES;55100;CANON MERCADILLOS OCASIONALES Y OTRAS INSTALAC.;62565;0;62565;49500;49500
001;AYUNTAMIENTO DE MADRID;5;INGRESOS PATRIMONIALES;55199;CANON NO PERIÓDICO POR OTRAS CONCESIONES;9215;0;9215;8893,83;0
001;AYUNTAMIENTO DE MADRID;5;INGRESOS PATRIMONIALES;55200;DERECHO DE SUPERFICIE CON CONTRAPREST. PERIÓDICA;961975;0;961975;-5495889,43;-5872431,91
001;AYUNTAMIENTO DE MADRID;5;INGRESOS PATRIMONIALES;55500;APROVECHAMIENTOS ESPECIALES;81120;0;81120;850579,82;655992,12
001;AYUNTAMIENTO DE MADRID;5;INGRESOS PATRIMONIALES;59999;OTROS INGRESOS PATRIMONIALES;424435;0;424435;20585;17140
001;AYUNTAMIENTO DE MADRID;6;ENAJENACIÓN DE INVERSIONES REALES;60300;VENTA DE PARCELAS;0;16298923,13;16298923,13;20689758,83;11809077,69
001;AYUNTAMIENTO DE MADRID;6;ENAJENACIÓN DE INVERSIONES REALES;60900;SUELO CEDIDO EN DERECHO DE SUPERFICIE;400000;0;400000;143549,64;143549,64
001;AYUNTAMIENTO DE MADRID;6;ENAJENACIÓN DE INVERSIONES REALES;61002;VENTA DE PLAZAS DE GARAJE;3100000;0;3100000;0;0
001;AYUNTAMIENTO DE MADRID;6;ENAJENACIÓN DE INVERSIONES REALES;68000;REINTEGROS DE PAGOS DE EJERCICIOS CERRADOS;0;9447337,83;9447337,83;24556763,25;24556763,25
001;AYUNTAMIENTO DE MADRID;7;TRANSFERENCIAS DE CAPITAL;72300;DE LA S.E. LOTERIAS Y AP. ESTADO;20000;0;20000;0;0
001;AYUNTAMIENTO DE MADRID;7;TRANSFERENCIAS DE CAPITAL;75060;TRANSFERENCIAS EN CUMPLIMIENTO DE CONVENIOS;0;6532838,46;6532838,46;9532838,46;9532838,46
001;AYUNTAMIENTO DE MADRID;7;TRANSFERENCIAS DE CAPITAL;76200;DE AYUNTAMIENTOS;0;0;0;0;0
001;AYUNTAMIENTO DE MADRID;7;TRANSFERENCIAS DE CAPITAL;79199;OTRAS TRANSFERENCIAS DEL FEDER;0;0;0;0;0
001;AYUNTAMIENTO DE MADRID;8;ACTIVOS FINANCIEROS;87000;PARA GASTOS GENERALES;0;451515135,7;451515135,7;0;0
001;AYUNTAMIENTO DE MADRID;8;ACTIVOS FINANCIEROS;87010;PARA GASTOS CON FINANCIACIÓN AFECTADA;0;38051665,49;38051665,49;0;0
501;INFORMÁTICA DEL AYUNTAMIENTO DE MADRID;3;TASAS Y OTROS INGRESOS;36000;VENTA DE EFECTOS INÚTILES;5500;0;5500;5682,6;5682,6
501;INFORMÁTICA DEL AYUNTAMIENTO DE MADRID;3;TASAS Y OTROS INGRESOS;38900;PAGOS DE  EJERCICIOS ANTERIORES;52000;0;52000;11366,78;11366,78
501;INFORMÁTICA DEL AYUNTAMIENTO DE MADRID;3;TASAS Y OTROS INGRESOS;39906;IMPORTE ANUNCIOS A CARGO DE PARTICULARES;0;15583,78;15583,78;15583,78;15583,78
501;INFORMÁTICA DEL AYUNTAMIENTO DE MADRID;3;TASAS Y OTROS INGRESOS;39999;OTROS INGRESOS DIVERSOS;0;0;0;12096,62;12096,62
501;INFORMÁTICA DEL AYUNTAMIENTO DE MADRID;4;TRANSFERENCIAS CORRIENTES;40000;DE LA ADM. GRAL. DEL AYUNTAMIENTO DE MADRID;88558018;1074606,26;89632624,26;66532700,49;65987857
501;INFORMÁTICA DEL AYUNTAMIENTO DE MADRID;4;TRANSFERENCIAS CORRIENTES;41000;DE ORGANISMOS AUTÓNOMOS DEL AYUNTAMIENTO DE MADRID;0;14177,72;14177,72;14177,72;14177,72
501;INFORMÁTICA DEL AYUNTAMIENTO DE MADRID;7;TRANSFERENCIAS DE CAPITAL;70000;DE LA ADMINISTRACIÓN GENERAL AYUNTAMIENTO MADRID;11590613;990000;12580613;0;0
501;INFORMÁTICA DEL AYUNTAMIENTO DE MADRID;7;TRANSFERENCIAS DE CAPITAL;71000;DE ORGANISMOS AUTÓNOMOS DEL AYUNTAMIENTO DE MADRID;0;21000;21000;21000;21000
501;INFORMÁTICA DEL AYUNTAMIENTO DE MADRID;8;ACTIVOS FINANCIEROS;87000;PARA GASTOS GENERALES;0;7735772,02;7735772,02;0;0
503;AGENCIA PARA EL EMPLEO DE MADRID;3;TASAS Y OTROS INGRESOS;38900;PAGOS DE  EJERCICIOS ANTERIORES;0;0;0;7862,26;7862,26
503;AGENCIA PARA EL EMPLEO DE MADRID;3;TASAS Y OTROS INGRESOS;39300;INTERESES DE DEMORA;0;0;0;1574,03;1574,03
503;AGENCIA PARA EL EMPLEO DE MADRID;3;TASAS Y OTROS INGRESOS;39906;IMPORTE ANUNCIOS A CARGO DE PARTICULARES;0;0;0;2431,33;2431,33
503;AGENCIA PARA EL EMPLEO DE MADRID;4;TRANSFERENCIAS CORRIENTES;40000;DE LA ADM. GRAL. DEL AYUNTAMIENTO DE MADRID;38503507;4676052,73;43179559,73;32362968,41;11193700,97
503;AGENCIA PARA EL EMPLEO DE MADRID;4;TRANSFERENCIAS CORRIENTES;45051;C. DE MADRID. FORMACIÓN PROFESIONAL PARA EL EMPLEO;0;1590400,5;1590400,5;535913,01;535913,01
503;AGENCIA PARA EL EMPLEO DE MADRID;4;TRANSFERENCIAS CORRIENTES;45052;C. DE MADRID. ADSCRIPCIÓN EN COLABORACIÓN SOCIAL;0;0;0;-99070,08;-99070,08
503;AGENCIA PARA EL EMPLEO DE MADRID;4;TRANSFERENCIAS CORRIENTES;45053;C. DE MADRID. PLAN EMPLEO JOVEN;1915151;10425639,4;12340790,4;11217546,24;11217546,24
503;AGENCIA PARA EL EMPLEO DE MADRID;4;TRANSFERENCIAS CORRIENTES;45081;PROGRAMA INSERCIÓN LABORAL DESEMPLEADOS;0;0;0;-84802,33;-84802,33
503;AGENCIA PARA EL EMPLEO DE MADRID;4;TRANSFERENCIAS CORRIENTES;49899;DE OTROS PROGRAMAS DE LA UNIÓN EUROPEA;15210;0;15210;111215,3;111215,3
503;AGENCIA PARA EL EMPLEO DE MADRID;5;INGRESOS PATRIMONIALES;55032;CANON MÁQUINAS VENDING EN INST.MUNICIPALES;0;0;0;4786;4786
503;AGENCIA PARA EL EMPLEO DE MADRID;7;TRANSFERENCIAS DE CAPITAL;70000;DE LA ADMINISTRACIÓN GENERAL AYUNTAMIENTO MADRID;300000;0;300000;0;0
503;AGENCIA PARA EL EMPLEO DE MADRID;8;ACTIVOS FINANCIEROS;87000;PARA GASTOS GENERALES;0;4418002,83;4418002,83;0;0
503;AGENCIA PARA EL EMPLEO DE MADRID;8;ACTIVOS FINANCIEROS;87010;PARA GASTOS CON FINANCIACIÓN AFECTADA;0;9509744,94;9509744,94;0;0
506;AGENCIA TRIBUTARIA  MADRID;3;TASAS Y OTROS INGRESOS;38900;PAGOS DE  EJERCICIOS ANTERIORES;0;0;0;14056,24;14056,24
506;AGENCIA TRIBUTARIA  MADRID;3;TASAS Y OTROS INGRESOS;39906;IMPORTE ANUNCIOS A CARGO DE PARTICULARES;0;0;0;1202,73;1202,73
506;AGENCIA TRIBUTARIA  MADRID;3;TASAS Y OTROS INGRESOS;39999;OTROS INGRESOS DIVERSOS;2000;0;2000;1334,4;1334,4
506;AGENCIA TRIBUTARIA  MADRID;4;TRANSFERENCIAS CORRIENTES;40000;DE LA ADM. GRAL. DEL AYUNTAMIENTO DE MADRID;58336332;178458,9;58514790,9;47813558,91;47813558,91
506;AGENCIA TRIBUTARIA  MADRID;5;INGRESOS PATRIMONIALES;52000;INTERESES CUENTAS EN BANCOS Y CAJAS DE AHORRO;2900;0;2900;2013,48;2013,48
506;AGENCIA TRIBUTARIA  MADRID;5;INGRESOS PATRIMONIALES;55032;CANON MÁQUINAS VENDING EN INST.MUNICIPALES;6655;0;6655;6655,56;6655,56
506;AGENCIA TRIBUTARIA  MADRID;7;TRANSFERENCIAS DE CAPITAL;70000;DE LA ADMINISTRACIÓN GENERAL AYUNTAMIENTO MADRID;422600;0;422600;0;0
506;AGENCIA TRIBUTARIA  MADRID;8;ACTIVOS FINANCIEROS;87000;PARA GASTOS GENERALES;0;1020155,81;1020155,81;0;0
508;MADRID SALUD;3;TASAS Y OTROS INGRESOS;38900;PAGOS DE  EJERCICIOS ANTERIORES;0;0;0;9590,77;9590,77
508;MADRID SALUD;3;TASAS Y OTROS INGRESOS;39300;INTERESES DE DEMORA;0;0;0;1444,21;1241,77
508;MADRID SALUD;3;TASAS Y OTROS INGRESOS;39906;IMPORTE ANUNCIOS A CARGO DE PARTICULARES;0;13579,2;13579,2;33429,28;33294,41
508;MADRID SALUD;3;TASAS Y OTROS INGRESOS;39999;OTROS INGRESOS DIVERSOS;0;0;0;1128973,08;1128973,08
508;MADRID SALUD;4;TRANSFERENCIAS CORRIENTES;40000;DE LA ADM. GRAL. DEL AYUNTAMIENTO DE MADRID;86723434;619054,85;87342488,85;78129236,6;71153970,16
508;MADRID SALUD;4;TRANSFERENCIAS CORRIENTES;48099;OTRAS TRANSF. DE FAMILIAS E INSTITUCIONES S/F.LUCR;0;7342,02;7342,02;7342,02;7342,02
508;MADRID SALUD;4;TRANSFERENCIAS CORRIENTES;49899;DE OTROS PROGRAMAS DE LA UNIÓN EUROPEA;0;12898,68;12898,68;12898,68;12898,68
508;MADRID SALUD;7;TRANSFERENCIAS DE CAPITAL;70000;DE LA ADMINISTRACIÓN GENERAL AYUNTAMIENTO MADRID;1720676;0;1720676;0;0
508;MADRID SALUD;8;ACTIVOS FINANCIEROS;87000;PARA GASTOS GENERALES;0;375266,44;375266,44;0;0
509;AGENCIA DE ACTIVIDADES;3;TASAS Y OTROS INGRESOS;39999;OTROS INGRESOS DIVERSOS;0;0;0;1383,39;1383,39
509;AGENCIA DE ACTIVIDADES;4;TRANSFERENCIAS CORRIENTES;40000;DE LA ADM. GRAL. DEL AYUNTAMIENTO DE MADRID;14521858;110000;14631858;10992864,25;9669866,34
509;AGENCIA DE ACTIVIDADES;5;INGRESOS PATRIMONIALES;52000;INTERESES CUENTAS EN BANCOS Y CAJAS DE AHORRO;0;0;0;0;0
509;AGENCIA DE ACTIVIDADES;7;TRANSFERENCIAS DE CAPITAL;70000;DE LA ADMINISTRACIÓN GENERAL AYUNTAMIENTO MADRID;22496;0;22496;0;0
509;AGENCIA DE ACTIVIDADES;8;ACTIVOS FINANCIEROS;87000;PARA GASTOS GENERALES;0;253689,91;253689,91;0;0
