001;AYUNTAMIENTO DE MADRID;1;IMPUESTOS DIRECTOS;10000;IMPUESTO SOBRE LA RENTA DE LAS PERSONAS FÍSICAS;110575079.0;0.0;110575079.0;112243448.71
001;AYUNTAMIENTO DE MADRID;1;IMPUESTOS DIRECTOS;11200;IBI DE NATURALEZA RÚSTICA;627806.0;0.0;627806.0;600340.48
001;AYUNTAMIENTO DE MADRID;1;IMPUESTOS DIRECTOS;11300;IBI DE NATURALEZA URBANA;1230682795.0;0.0;1230682795.0;1277566981.39
001;AYUNTAMIENTO DE MADRID;1;IMPUESTOS DIRECTOS;11400;IBI CARACT. ESPECIALES;47308139.0;0.0;47308139.0;47113000.19
001;AYUNTAMIENTO DE MADRID;1;IMPUESTOS DIRECTOS;11500;IMPUESTO SOBRE VEHÍCULOS DE TRACCIÓN MECÁNICA;134468240.0;0.0;134468240.0;152632836.52
001;AYUNTAMIENTO DE MADRID;1;IMPUESTOS DIRECTOS;11600;IMPUESTO IVTNU;514512550.0;0.0;514512550.0;683142129.81
001;AYUNTAMIENTO DE MADRID;1;IMPUESTOS DIRECTOS;13000;ACTIVIDADES EMPRESARIALES;121377809.0;0.0;121377809.0;127035297.1
001;AYUNTAMIENTO DE MADRID;1;IMPUESTOS DIRECTOS;13001;ACTIVIDADES PROFESIONALES Y ARTÍSTICAS;0.0;0.0;0.0;951.76
001;AYUNTAMIENTO DE MADRID;1;IMPUESTOS DIRECTOS;18900;IMPUESTOS DIRECTOS EXTINGUIDOS;3090.0;0.0;3090.0;21573.54
001;AYUNTAMIENTO DE MADRID;2;IMPUESTOS INDIRECTOS;21000;IMPUESTO SOBRE EL VALOR AÑADIDO;62805390.0;0.0;62805390.0;60441651.84
001;AYUNTAMIENTO DE MADRID;2;IMPUESTOS INDIRECTOS;22000;IMPUESTO SOBRE EL ALCOHOL Y BEBIDAS DERIVADAS;743692.0;0.0;743692.0;781473.2
001;AYUNTAMIENTO DE MADRID;2;IMPUESTOS INDIRECTOS;22001;IMPUESTO SOBRE LA CERVEZA;264895.0;0.0;264895.0;277720.4
001;AYUNTAMIENTO DE MADRID;2;IMPUESTOS INDIRECTOS;22003;IMPUESTO SOBRE LABORES DE TABACO;6539170.0;0.0;6539170.0;6506375.78
001;AYUNTAMIENTO DE MADRID;2;IMPUESTOS INDIRECTOS;22004;IMPUESTO SOBRE HIDROCARBUROS;7365575.0;0.0;7365575.0;8488904.22
001;AYUNTAMIENTO DE MADRID;2;IMPUESTOS INDIRECTOS;22006;IMPUESTO SOBRE PRODUCTOS INTERMEDIOS;15753.0;0.0;15753.0;20338.59
001;AYUNTAMIENTO DE MADRID;2;IMPUESTOS INDIRECTOS;29000;IMPUESTO S/CONSTRUCCIONES, INSTALAC. Y OBRAS;56453717.0;0.0;56453717.0;61226390.09
001;AYUNTAMIENTO DE MADRID;2;IMPUESTOS INDIRECTOS;29100;IMPUESTO COTOS DE CAZA Y PESCA;305.0;0.0;305.0;349.98
001;AYUNTAMIENTO DE MADRID;3;TASAS Y OTROS INGRESOS;30200;RETIRADA CONTENEDORES DE LA VÍA PÚBLICA;30000.0;0.0;30000.0;32431.62
001;AYUNTAMIENTO DE MADRID;3;TASAS Y OTROS INGRESOS;30300;TASA POR GESTIÓN DE RESIDUOS;0.0;0.0;0.0;2148874.06
001;AYUNTAMIENTO DE MADRID;3;TASAS Y OTROS INGRESOS;30301;VERTEDERO;1039228.0;0.0;1039228.0;932348.69
001;AYUNTAMIENTO DE MADRID;3;TASAS Y OTROS INGRESOS;30302;RECOGIDA DE DESECHOS E INCINERACIÓN;111622.0;0.0;111622.0;83526.3
001;AYUNTAMIENTO DE MADRID;3;TASAS Y OTROS INGRESOS;30503;CASAS DE BAÑO;41128.0;0.0;41128.0;37107.0
001;AYUNTAMIENTO DE MADRID;3;TASAS Y OTROS INGRESOS;30600;MANTENIMIENTO DEL SERVICIO DE BOMBEROS;16000000.0;0.0;16000000.0;10752729.11
001;AYUNTAMIENTO DE MADRID;3;TASAS Y OTROS INGRESOS;30900;BOLETIN AYUNTAMIENTO DE MADRID;3000.0;0.0;3000.0;2906.82
001;AYUNTAMIENTO DE MADRID;3;TASAS Y OTROS INGRESOS;30901;CENTRO MUNICIPAL DE ACÚSTICA;5000.0;0.0;5000.0;852.82
001;AYUNTAMIENTO DE MADRID;3;TASAS Y OTROS INGRESOS;30902;TRANSPORTES ESPECIALES;40000.0;0.0;40000.0;30970.5
001;AYUNTAMIENTO DE MADRID;3;TASAS Y OTROS INGRESOS;30903;COPIAS, FOTOCOPIAS Y FOTOGRAFÍAS;54929.0;0.0;54929.0;74458.69
001;AYUNTAMIENTO DE MADRID;3;TASAS Y OTROS INGRESOS;30904;GALERIAS MUNICIPALES DE SERVICIOS;2285013.0;0.0;2285013.0;3032161.16
001;AYUNTAMIENTO DE MADRID;3;TASAS Y OTROS INGRESOS;30905;DERECHOS DE EXAMEN;43065.0;0.0;43065.0;54064.16
001;AYUNTAMIENTO DE MADRID;3;TASAS Y OTROS INGRESOS;30998;TASAS EXTINGUIDAS SERV. PÚBLICOS BÁSICOS;3060873.0;0.0;3060873.0;-482673.9
001;AYUNTAMIENTO DE MADRID;3;TASAS Y OTROS INGRESOS;31100;SERVICIOS SANITARIOS;1013815.0;0.0;1013815.0;1233644.37
001;AYUNTAMIENTO DE MADRID;3;TASAS Y OTROS INGRESOS;31600;PLANETARIO DE MADRID;250000.0;0.0;250000.0;323231.5
001;AYUNTAMIENTO DE MADRID;3;TASAS Y OTROS INGRESOS;31900;MATRIMONIOS CIVILES;147677.0;0.0;147677.0;155509.83
001;AYUNTAMIENTO DE MADRID;3;TASAS Y OTROS INGRESOS;32100;LICENCIAS URBANÍSTICAS;9114363.0;0.0;9114363.0;9933290.4
001;AYUNTAMIENTO DE MADRID;3;TASAS Y OTROS INGRESOS;32199;OTRAS PRESTACIONES URBANÍSTICAS;3444126.0;0.0;3444126.0;2753966.08
001;AYUNTAMIENTO DE MADRID;3;TASAS Y OTROS INGRESOS;32200;LICENCIAS DE PRIMERA OCUPACIÓN;1026675.0;0.0;1026675.0;928303.88
001;AYUNTAMIENTO DE MADRID;3;TASAS Y OTROS INGRESOS;32500;EXPEDICIÓN DOCUMENTOS ADMINISTRATIVOS;722920.0;0.0;722920.0;990981.07
001;AYUNTAMIENTO DE MADRID;3;TASAS Y OTROS INGRESOS;32600;RETIRADA DE VEHÍCULOS DE LA VÍA PÚBLICA;10553514.0;0.0;10553514.0;9584994.85
001;AYUNTAMIENTO DE MADRID;3;TASAS Y OTROS INGRESOS;32900;AUTOTAXIS;1085809.0;0.0;1085809.0;1079825.73
001;AYUNTAMIENTO DE MADRID;3;TASAS Y OTROS INGRESOS;32998;TASAS EXTING. REAL. ACTIV;31589.0;0.0;31589.0;46422.64
001;AYUNTAMIENTO DE MADRID;3;TASAS Y OTROS INGRESOS;32999;OTRAS TASAS POR REALIZACIÓN DE ACTIVIDADES;12021.0;0.0;12021.0;18371.62
001;AYUNTAMIENTO DE MADRID;3;TASAS Y OTROS INGRESOS;33000;ESTACIONAMIENTO DE VEHÍCULOS DE RESIDENTES;5304455.0;0.0;5304455.0;5486804.56
001;AYUNTAMIENTO DE MADRID;3;TASAS Y OTROS INGRESOS;33001;ESTACIONAMIENTO DE VEHÍCULOS COMERC. E INDUSTR.;1308833.0;0.0;1308833.0;1922507.54
001;AYUNTAMIENTO DE MADRID;3;TASAS Y OTROS INGRESOS;33002;VEHÍCULOS MULTIUSUARIOS USO COMPARTIDO;180000.0;0.0;180000.0;300.0
001;AYUNTAMIENTO DE MADRID;3;TASAS Y OTROS INGRESOS;33003;TALLERES DE REPARACIÓN;9870.0;0.0;9870.0;8914.5
001;AYUNTAMIENTO DE MADRID;3;TASAS Y OTROS INGRESOS;33011;ESTACIONAMIENTO DE VEHÍCULOS LOTE 1;10238140.0;0.0;10238140.0;11988225.31
001;AYUNTAMIENTO DE MADRID;3;TASAS Y OTROS INGRESOS;33012;ESTACIONAMIENTO DE VEHÍCULOS LOTE 2;11244430.0;0.0;11244430.0;12102935.02
001;AYUNTAMIENTO DE MADRID;3;TASAS Y OTROS INGRESOS;33013;ESTACIONAMIENTO DE VEHÍCULOS LOTE 3;16763310.0;0.0;16763310.0;18933454.93
001;AYUNTAMIENTO DE MADRID;3;TASAS Y OTROS INGRESOS;33014;ESTACIONAMIENTO DE VEHÍCULOS ZONA 4;6560125.0;0.0;6560125.0;6129860.44
001;AYUNTAMIENTO DE MADRID;3;TASAS Y OTROS INGRESOS;33015;ESTACIONAMIENTO DE VEHÍCULOS ZONA 5;11835580.0;0.0;11835580.0;11683114.95
001;AYUNTAMIENTO DE MADRID;3;TASAS Y OTROS INGRESOS;33016;ESTACIONAMIENTO DE VEHÍCULOS ZONA 6;8692575.0;0.0;8692575.0;8494578.76
001;AYUNTAMIENTO DE MADRID;3;TASAS Y OTROS INGRESOS;33017;ESTACIONAMIENTO DE VEHÍCULOS LOTE 4;14665840.0;0.0;14665840.0;15882874.09
001;AYUNTAMIENTO DE MADRID;3;TASAS Y OTROS INGRESOS;33100;ENTRADA DE VEHÍCULOS;30510331.0;0.0;30510331.0;32968450.29
001;AYUNTAMIENTO DE MADRID;3;TASAS Y OTROS INGRESOS;33200;EMPRESAS EXPLOTADORAS SERV. DE SUMINISTROS;51409000.0;0.0;51409000.0;54401505.45
001;AYUNTAMIENTO DE MADRID;3;TASAS Y OTROS INGRESOS;33300;EMPRESAS TELECOMUNICAC.;0.0;0.0;0.0;12896728.6
001;AYUNTAMIENTO DE MADRID;3;TASAS Y OTROS INGRESOS;33400;TASA POR APERTURA DE CALAS Y ZANJAS;253047.0;0.0;253047.0;293708.78
001;AYUNTAMIENTO DE MADRID;3;TASAS Y OTROS INGRESOS;33500;TERRAZAS;6320395.0;0.0;6320395.0;10630529.77
001;AYUNTAMIENTO DE MADRID;3;TASAS Y OTROS INGRESOS;33800;COMPENSACIÓN TELEFÓNICA, S.A. (LEY 15/87);16163765.0;0.0;16163765.0;18627611.89
001;AYUNTAMIENTO DE MADRID;3;TASAS Y OTROS INGRESOS;33900;VALLAS Y ANDAMIOS;4505382.0;0.0;4505382.0;7685903.06
001;AYUNTAMIENTO DE MADRID;3;TASAS Y OTROS INGRESOS;33901;PUESTOS;2111366.0;0.0;2111366.0;1654296.52
001;AYUNTAMIENTO DE MADRID;3;TASAS Y OTROS INGRESOS;33902;FIESTAS CALLEJERAS;6000.0;0.0;6000.0;2209.84
001;AYUNTAMIENTO DE MADRID;3;TASAS Y OTROS INGRESOS;33903;USOS PARTICULARES DEL SUBSUELO;297337.0;0.0;297337.0;316484.1
001;AYUNTAMIENTO DE MADRID;3;TASAS Y OTROS INGRESOS;33904;SURTIDORES DE GASOLINA;480652.0;0.0;480652.0;575887.88
001;AYUNTAMIENTO DE MADRID;3;TASAS Y OTROS INGRESOS;33905;CONTENEDORES;624494.0;0.0;624494.0;804807.39
001;AYUNTAMIENTO DE MADRID;3;TASAS Y OTROS INGRESOS;33906;PUBLICIDAD EN VALLAS, ANDAMIOS Y SIMILARES;418080.0;0.0;418080.0;55931.89
001;AYUNTAMIENTO DE MADRID;3;TASAS Y OTROS INGRESOS;33907;ACCIONES PUBLICITARIAS EN LA VÍA PÚBLICA;320853.0;0.0;320853.0;760759.18
001;AYUNTAMIENTO DE MADRID;3;TASAS Y OTROS INGRESOS;33999;OTROS APROVECHAMIENTOS;4684661.0;0.0;4684661.0;8753956.78
001;AYUNTAMIENTO DE MADRID;3;TASAS Y OTROS INGRESOS;34200;ESCUELA DE CERÁMICA;82572.0;0.0;82572.0;90239.4
001;AYUNTAMIENTO DE MADRID;3;TASAS Y OTROS INGRESOS;34300;PISCINAS E INSTALACIONES DEPORTIVAS;34988000.0;0.0;34988000.0;35083811.1
001;AYUNTAMIENTO DE MADRID;3;TASAS Y OTROS INGRESOS;34600;TALLERES CULTURALES;10169274.0;0.0;10169274.0;7342265.57
001;AYUNTAMIENTO DE MADRID;3;TASAS Y OTROS INGRESOS;34601;ACTIVIDADES SOCIALES Y CULTURALES;87279.0;0.0;87279.0;37356.6
001;AYUNTAMIENTO DE MADRID;3;TASAS Y OTROS INGRESOS;34602;RESIDENCIAS MUNICIPALES;34213.0;0.0;34213.0;86826.0
001;AYUNTAMIENTO DE MADRID;3;TASAS Y OTROS INGRESOS;34603;SERVICIO DE COMEDOR;0.0;0.0;0.0;24112.2
001;AYUNTAMIENTO DE MADRID;3;TASAS Y OTROS INGRESOS;34606;CENTROS ESCOLARES ABIERTOS;1574425.0;0.0;1574425.0;1033969.88
001;AYUNTAMIENTO DE MADRID;3;TASAS Y OTROS INGRESOS;34699;OTROS SERVICIOS SOCIO CULTURALES;85000.0;0.0;85000.0;57202.56
001;AYUNTAMIENTO DE MADRID;3;TASAS Y OTROS INGRESOS;34700;OBRAS POR PASOS DE CARRUAJES;0.0;183138.51;183138.51;214329.19
001;AYUNTAMIENTO DE MADRID;3;TASAS Y OTROS INGRESOS;34701;OBRAS EN LA VÍA PUBLICA - DISTRITOS;0.0;25259.34;25259.34;32778.96
001;AYUNTAMIENTO DE MADRID;3;TASAS Y OTROS INGRESOS;34702;OTRAS OBRAS EN LA VÍA PÚBLICA;0.0;0.0;0.0;53918.22
001;AYUNTAMIENTO DE MADRID;3;TASAS Y OTROS INGRESOS;34999;OTROS PRECIOS PÚBLICOS;1983565.0;0.0;1983565.0;914663.84
001;AYUNTAMIENTO DE MADRID;3;TASAS Y OTROS INGRESOS;36000;VENTA DE EFECTOS INÚTILES;73500.0;0.0;73500.0;22817.8
001;AYUNTAMIENTO DE MADRID;3;TASAS Y OTROS INGRESOS;36001;REVISTAS Y DEMÁS PUBLICACIONES;34750.0;0.0;34750.0;24163.67
001;AYUNTAMIENTO DE MADRID;3;TASAS Y OTROS INGRESOS;36003;TRABAJOS DE ESTABLECIMIENTOS MUNICIPALES;0.0;0.0;0.0;950.13
001;AYUNTAMIENTO DE MADRID;3;TASAS Y OTROS INGRESOS;36004;VENTA DE ELECTRICIDAD;10231.0;0.0;10231.0;1767.34
001;AYUNTAMIENTO DE MADRID;3;TASAS Y OTROS INGRESOS;36005;VENTA DE BIOGÁS;0.0;0.0;0.0;1120899.48
001;AYUNTAMIENTO DE MADRID;3;TASAS Y OTROS INGRESOS;38900;PAGOS DE  EJERCICIOS ANTERIORES;1957040.0;77440.42;2034480.42;-909228.83
001;AYUNTAMIENTO DE MADRID;3;TASAS Y OTROS INGRESOS;38999;OTROS REINTEGROS;134172.0;35603262.2;35737434.2;36197402.43
001;AYUNTAMIENTO DE MADRID;3;TASAS Y OTROS INGRESOS;39100;INFRACCIONES URBANÍSTICAS;1163935.0;0.0;1163935.0;1627331.38
001;AYUNTAMIENTO DE MADRID;3;TASAS Y OTROS INGRESOS;39110;INFRACCIONES TRIBUTARIAS Y ANÁLOGAS;7207716.0;0.0;7207716.0;7693172.62
001;AYUNTAMIENTO DE MADRID;3;TASAS Y OTROS INGRESOS;39120;INFRACCIONES ORDENANZA DE CIRCULACIÓN;93623987.0;0.0;93623987.0;140928661.1
001;AYUNTAMIENTO DE MADRID;3;TASAS Y OTROS INGRESOS;39130;MULTAS COERCITIVAS;63705.0;0.0;63705.0;1522222.45
001;AYUNTAMIENTO DE MADRID;3;TASAS Y OTROS INGRESOS;39190;OTRAS MULTAS Y SANCIONES;3552124.0;0.0;3552124.0;50619914.29
001;AYUNTAMIENTO DE MADRID;3;TASAS Y OTROS INGRESOS;39200;RECARGO POR EXTEMPORANEIDAD;0.0;0.0;0.0;721897.04
001;AYUNTAMIENTO DE MADRID;3;TASAS Y OTROS INGRESOS;39210;RECARGO EJECUTIVO;3037103.0;0.0;3037103.0;4971273.79
001;AYUNTAMIENTO DE MADRID;3;TASAS Y OTROS INGRESOS;39211;RECARGO DE APREMIO;22215789.0;0.0;22215789.0;22442030.82
001;AYUNTAMIENTO DE MADRID;3;TASAS Y OTROS INGRESOS;39300;INTERESES DE DEMORA;17503776.0;0.0;17503776.0;22100546.47
001;AYUNTAMIENTO DE MADRID;3;TASAS Y OTROS INGRESOS;39610;POLÍGONOS DE COOPERACIÓN;0.0;21448.75;21448.75;119000.98
001;AYUNTAMIENTO DE MADRID;3;TASAS Y OTROS INGRESOS;39611;DE PART.PARA URBANIZACIÓN;0.0;932723.05;932723.05;77225.04
001;AYUNTAMIENTO DE MADRID;3;TASAS Y OTROS INGRESOS;39710;OTROS APROV. URBANÍSTICOS;4000000.0;0.0;4000000.0;15906119.25
001;AYUNTAMIENTO DE MADRID;3;TASAS Y OTROS INGRESOS;39800;INDEMNIZACIONES DE SEGUROS DE NO VIDA;0.0;11469.6;11469.6;78337.23
001;AYUNTAMIENTO DE MADRID;3;TASAS Y OTROS INGRESOS;39901;RECURSOS EVENTUALES;50000.0;0.0;50000.0;2422336.73
001;AYUNTAMIENTO DE MADRID;3;TASAS Y OTROS INGRESOS;39902;INGRESOS POR ACCIÓN SUBSIDIARIA;0.0;1421586.24;1421586.24;2973934.57
001;AYUNTAMIENTO DE MADRID;3;TASAS Y OTROS INGRESOS;39905;INCAUTACIÓN GARANTÍAS DE CONTRATOS;0.0;0.0;0.0;148212.41
001;AYUNTAMIENTO DE MADRID;3;TASAS Y OTROS INGRESOS;39906;IMPORTE ANUNCIOS A CARGO DE PARTICULARES;90000.0;33156.22;123156.22;319153.78
001;AYUNTAMIENTO DE MADRID;3;TASAS Y OTROS INGRESOS;39907;DEPORTES;1000.0;0.0;1000.0;2506.96
001;AYUNTAMIENTO DE MADRID;3;TASAS Y OTROS INGRESOS;39908;ACTIVIDADES AL AIRE LIBRE;15800.0;0.0;15800.0;57580.55
001;AYUNTAMIENTO DE MADRID;3;TASAS Y OTROS INGRESOS;39909;ESCUELAS INFANTILES;350000.0;0.0;350000.0;273239.28
001;AYUNTAMIENTO DE MADRID;3;TASAS Y OTROS INGRESOS;39910;COSTAS IMPUESTAS POR EL TEAM;0.0;0.0;0.0;876.25
001;AYUNTAMIENTO DE MADRID;3;TASAS Y OTROS INGRESOS;39914;CONTROL DE CALIDAD;0.0;0.0;0.0;9172.46
001;AYUNTAMIENTO DE MADRID;3;TASAS Y OTROS INGRESOS;39920;SISTEMA DE GESTIÓN DE ENVASES;25665325.0;0.0;25665325.0;22407647.63
001;AYUNTAMIENTO DE MADRID;3;TASAS Y OTROS INGRESOS;39921;SISTEMA GESTIÓN RESIDUOS ELÉCT;98750.0;0.0;98750.0;139558.76
001;AYUNTAMIENTO DE MADRID;3;TASAS Y OTROS INGRESOS;39980;EMBARGOS Y/O COMPENS. RECAUD.;23603.0;0.0;23603.0;64494.92
001;AYUNTAMIENTO DE MADRID;3;TASAS Y OTROS INGRESOS;39999;OTROS INGRESOS DIVERSOS;11156174.0;0.0;11156174.0;6316578.7
001;AYUNTAMIENTO DE MADRID;4;TRANSFERENCIAS CORRIENTES;41000;DE OO.A.. DEL AYTO.MADRID;0.0;16433566.26;16433566.26;16416216.37
001;AYUNTAMIENTO DE MADRID;4;TRANSFERENCIAS CORRIENTES;42010;FONDO COMPLEMENTARIO DE FINANCIACIÓN;1333156077.0;0.0;1333156077.0;1361939925.72
001;AYUNTAMIENTO DE MADRID;4;TRANSFERENCIAS CORRIENTES;42020;COMPENSACIÓN POR BENEFICIOS FISCALES;789494.0;0.0;789494.0;596379.83
001;AYUNTAMIENTO DE MADRID;4;TRANSFERENCIAS CORRIENTES;42090;OTRAS TRANSFERENCIAS DE LA A.GRAL. DEL ESTADO;170000.0;0.0;170000.0;0.0
001;AYUNTAMIENTO DE MADRID;4;TRANSFERENCIAS CORRIENTES;42102;DEL INSTITUTO NACIONAL DE ESTADÍSTICA (INE);32000.0;0.0;32000.0;156260.59
001;AYUNTAMIENTO DE MADRID;4;TRANSFERENCIAS CORRIENTES;42103;DEL INSTITUTO NACIONAL DEL CONSUMO;0.0;0.0;0.0;25729.34
001;AYUNTAMIENTO DE MADRID;4;TRANSFERENCIAS CORRIENTES;42300;DE LA S.E. LOTERÍAS Y APUESTAS DEL ESTADO;345000.0;0.0;345000.0;345000.0
001;AYUNTAMIENTO DE MADRID;4;TRANSFERENCIAS CORRIENTES;45002;C. MADRID - ATENCIÓN DEPENDENC;70000000.0;0.0;70000000.0;67658581.23
001;AYUNTAMIENTO DE MADRID;4;TRANSFERENCIAS CORRIENTES;45003;C.MADRID - AT. SIN HOGAR;250000.0;0.0;250000.0;250000.0
001;AYUNTAMIENTO DE MADRID;4;TRANSFERENCIAS CORRIENTES;45030;C.M.-E.INFANTILES PUBLIC.;6600003.0;0.0;6600003.0;6690274.49
001;AYUNTAMIENTO DE MADRID;4;TRANSFERENCIAS CORRIENTES;45031;C.M.-E.INFANTILES PRIVAD.;1621273.0;0.0;1621273.0;1654434.27
001;AYUNTAMIENTO DE MADRID;4;TRANSFERENCIAS CORRIENTES;45032;COM.  DE MADRID - EDUCACIÓN. ABSENTISMO ESCOLAR;400000.0;0.0;400000.0;400000.0
001;AYUNTAMIENTO DE MADRID;4;TRANSFERENCIAS CORRIENTES;45050;COM.  DE MADRID - CENTRO OCUPACIONAL VILLAVERDE;920334.0;0.0;920334.0;1168384.14
001;AYUNTAMIENTO DE MADRID;4;TRANSFERENCIAS CORRIENTES;45062;C. DE MADRID - ERRADICACIÓN VIOLENCIA DE GÉNERO;428889.0;0.0;428889.0;0.0
001;AYUNTAMIENTO DE MADRID;4;TRANSFERENCIAS CORRIENTES;45080;OTRAS SUBVENCIONES DE LA COMUNIDAD DE MADRID;275000.0;35972.9;310972.9;518662.7
001;AYUNTAMIENTO DE MADRID;4;TRANSFERENCIAS CORRIENTES;45301;DEL CANAL DE ISABEL II;0.0;4328.52;4328.52;5591.76
001;AYUNTAMIENTO DE MADRID;4;TRANSFERENCIAS CORRIENTES;47001;FORO DE EMPRESAS;700000.0;0.0;700000.0;560000.0
001;AYUNTAMIENTO DE MADRID;4;TRANSFERENCIAS CORRIENTES;47099;OTRAS TRANSFERENCIAS DE EMPRESAS PRIVADAS;5729143.0;9313.86;5738456.86;199288.87
001;AYUNTAMIENTO DE MADRID;4;TRANSFERENCIAS CORRIENTES;48003;DE LA FUNDACIÓN ESPECIAL CAJAMADRID;0.0;0.0;0.0;14639.22
001;AYUNTAMIENTO DE MADRID;4;TRANSFERENCIAS CORRIENTES;48099;O.TRANSF. FAMILIAS E ISFL;0.0;243711.27;243711.27;255711.27
001;AYUNTAMIENTO DE MADRID;4;TRANSFERENCIAS CORRIENTES;49100;DEL FEDER;8947.0;0.0;8947.0;0.0
001;AYUNTAMIENTO DE MADRID;4;TRANSFERENCIAS CORRIENTES;49200;DEL FONDO DE COHESIÓN;16000.0;0.0;16000.0;0.0
001;AYUNTAMIENTO DE MADRID;4;TRANSFERENCIAS CORRIENTES;49799;OTRAS TRANSFERENCIAS DE LA UNIÓN EUROPEA;0.0;75388.55;75388.55;228584.05
001;AYUNTAMIENTO DE MADRID;4;TRANSFERENCIAS CORRIENTES;49899;DE OTROS PROGRAMAS DE LA UNIÓN EUROPEA;0.0;47363.1;47363.1;180497.65
001;AYUNTAMIENTO DE MADRID;5;INGRESOS PATRIMONIALES;50700;INT. TITULOS VAL.EMP.PRIV;0.0;0.0;0.0;0.0
001;AYUNTAMIENTO DE MADRID;5;INGRESOS PATRIMONIALES;53400;DE SDADES.Y ENT. DEL AYTO;37424239.0;0.0;37424239.0;37584339.74
001;AYUNTAMIENTO DE MADRID;5;INGRESOS PATRIMONIALES;53410;SOC. Y ENTID. NO DEPENDIENTES;14000000.0;0.0;14000000.0;18167716.75
001;AYUNTAMIENTO DE MADRID;5;INGRESOS PATRIMONIALES;54100;ARRENDAMIENTO DE INMUEBLES URBANOS;0.0;0.0;0.0;68420.02
001;AYUNTAMIENTO DE MADRID;5;INGRESOS PATRIMONIALES;55000;CANON VERTEDERO VALDEMINGÓMEZ;128191.0;0.0;128191.0;7800721.81
001;AYUNTAMIENTO DE MADRID;5;INGRESOS PATRIMONIALES;55001;CANON APARCAMIENTOS;4907564.0;0.0;4907564.0;5238826.57
001;AYUNTAMIENTO DE MADRID;5;INGRESOS PATRIMONIALES;55002;CANON TELEFÉRICO;8775.0;0.0;8775.0;8774.8
001;AYUNTAMIENTO DE MADRID;5;INGRESOS PATRIMONIALES;55003;CANON PARQUE DE ATRACCIONES;345582.0;0.0;345582.0;327735.8
001;AYUNTAMIENTO DE MADRID;5;INGRESOS PATRIMONIALES;55004;CANON PARQUE ZOOLÓGICO;25000.0;0.0;25000.0;25000.0
001;AYUNTAMIENTO DE MADRID;5;INGRESOS PATRIMONIALES;55007;CANON QUIOSCOS PARQUES Y JARDINES;1939911.0;0.0;1939911.0;2770090.68
001;AYUNTAMIENTO DE MADRID;5;INGRESOS PATRIMONIALES;55008;CANON CASETAS CLAUDIO MOYANO;97085.0;0.0;97085.0;94113.53
001;AYUNTAMIENTO DE MADRID;5;INGRESOS PATRIMONIALES;55009;CANON M-30;624141.0;0.0;624141.0;614824.99
001;AYUNTAMIENTO DE MADRID;5;INGRESOS PATRIMONIALES;55010;CANON PALACIO DE HIELO;345612.0;0.0;345612.0;343019.59
001;AYUNTAMIENTO DE MADRID;5;INGRESOS PATRIMONIALES;55012;CANON PUBLICIDAD MARQUESINAS;0.0;0.0;0.0;4205773.04
001;AYUNTAMIENTO DE MADRID;5;INGRESOS PATRIMONIALES;55013;CANON RESTAURANTE PLATAFORMA PUENTE DEL REY;100000.0;0.0;100000.0;143469.12
001;AYUNTAMIENTO DE MADRID;5;INGRESOS PATRIMONIALES;55014;CANON UTILIZACIÓN DEL SUELO;92188.0;0.0;92188.0;100801.42
001;AYUNTAMIENTO DE MADRID;5;INGRESOS PATRIMONIALES;55015;CANON LOCALES COMERCIALES EN APARCAMIENTOS;6582.0;0.0;6582.0;3951.07
001;AYUNTAMIENTO DE MADRID;5;INGRESOS PATRIMONIALES;55016;CANON INSTALACIONES DEPORTIVAS DISTRITOS;981384.0;0.0;981384.0;1707014.92
001;AYUNTAMIENTO DE MADRID;5;INGRESOS PATRIMONIALES;55017;CANON OTRAS INSTALACIONES DISTRITOS;82671.0;0.0;82671.0;119176.28
001;AYUNTAMIENTO DE MADRID;5;INGRESOS PATRIMONIALES;55018;CANON MERCADOS DISTRITO Y CENTROS COMERCIALES;759480.0;0.0;759480.0;800597.79
001;AYUNTAMIENTO DE MADRID;5;INGRESOS PATRIMONIALES;55020;CANON COLUMNAS INFORMATIVAS;9043700.0;0.0;9043700.0;8043700.0
001;AYUNTAMIENTO DE MADRID;5;INGRESOS PATRIMONIALES;55022;CANON ESTACIÓN TRANSPORTES MERCANCÍAS;369310.0;0.0;369310.0;364928.62
001;AYUNTAMIENTO DE MADRID;5;INGRESOS PATRIMONIALES;55027;CANON ESTACIÓN SUR DE AUTOBUSES;162267.0;0.0;162267.0;162267.38
001;AYUNTAMIENTO DE MADRID;5;INGRESOS PATRIMONIALES;55028;CANON TRANSPORTE TURÍSTICO EN MADRID;3736743.0;0.0;3736743.0;3931977.84
001;AYUNTAMIENTO DE MADRID;5;INGRESOS PATRIMONIALES;55029;CANON QUIOSCOS DE LOTERÍAS;58000.0;0.0;58000.0;39781.32
001;AYUNTAMIENTO DE MADRID;5;INGRESOS PATRIMONIALES;55030;CANON QUIOSCOS DE PRENSA Y TABACOS;189610.0;0.0;189610.0;536429.04
001;AYUNTAMIENTO DE MADRID;5;INGRESOS PATRIMONIALES;55031;CANON CAFETERIAS Y QUIOSCOS EN INST. DEPORTIVAS;167969.0;0.0;167969.0;240183.3
001;AYUNTAMIENTO DE MADRID;5;INGRESOS PATRIMONIALES;55032;CANON MÁQUINAS VENDING EN INST.MUNICIPALES;86112.0;0.0;86112.0;259411.13
001;AYUNTAMIENTO DE MADRID;5;INGRESOS PATRIMONIALES;55034;CANON ALBERGUE JUVENIL;76226.0;0.0;76226.0;39919.68
001;AYUNTAMIENTO DE MADRID;5;INGRESOS PATRIMONIALES;55035;ESCUELAS MUNICIPALES DE MÚSICA Y DANZA;132600.0;0.0;132600.0;128832.6
001;AYUNTAMIENTO DE MADRID;5;INGRESOS PATRIMONIALES;55036;APARCAMIENTO Mº JUSTICIA PZA.VILLA PARIS;500000.0;0.0;500000.0;501263.0
001;AYUNTAMIENTO DE MADRID;5;INGRESOS PATRIMONIALES;55099;CANON PERIÓDICO POR OTRAS CONCESIONES;11755173.0;0.0;11755173.0;11765382.05
001;AYUNTAMIENTO DE MADRID;5;INGRESOS PATRIMONIALES;55100;CANON MERCADILLOS OCASIONALES Y OTRAS INSTALAC.;78000.0;0.0;78000.0;74069.0
001;AYUNTAMIENTO DE MADRID;5;INGRESOS PATRIMONIALES;55199;CANON NO PERIÓDICO POR OTRAS CONCESIONES;0.0;0.0;0.0;36957.95
001;AYUNTAMIENTO DE MADRID;5;INGRESOS PATRIMONIALES;55200;DCHO. SUPERF. PERIÓDICO;1637421.0;0.0;1637421.0;1603715.12
001;AYUNTAMIENTO DE MADRID;5;INGRESOS PATRIMONIALES;55500;APROVECHAMIENTOS ESPECIALES;0.0;0.0;0.0;513427.18
001;AYUNTAMIENTO DE MADRID;5;INGRESOS PATRIMONIALES;55902;DERECHOS UTILIZACIÓN ALUMBRADO CABINAS TELEFON.;0.0;0.0;0.0;99442.26
001;AYUNTAMIENTO DE MADRID;5;INGRESOS PATRIMONIALES;55999;OTRAS CONCESIONES Y APROVECHAMIENTOS;26625.0;0.0;26625.0;0.0
001;AYUNTAMIENTO DE MADRID;5;INGRESOS PATRIMONIALES;59100;BENEFICIOS POR VENTA DE DERECHOS DE SUSCRIPCIÓN;0.0;0.0;0.0;920.07
001;AYUNTAMIENTO DE MADRID;5;INGRESOS PATRIMONIALES;59999;OTROS INGRESOS PATRIMONIALES;0.0;0.0;0.0;136035.79
001;AYUNTAMIENTO DE MADRID;6;ENAJENACIÓN DE INVERSIONES REALES;60300;VENTA DE PARCELAS;36799079.0;23712361.05;60511440.05;97593823.62
001;AYUNTAMIENTO DE MADRID;6;ENAJENACIÓN DE INVERSIONES REALES;60900;SUELO CEDIDO EN DERECHO DE SUPERFICIE;1000000.0;0.0;1000000.0;845347.34
001;AYUNTAMIENTO DE MADRID;6;ENAJENACIÓN DE INVERSIONES REALES;60999;OTROS TERRENOS;0.0;0.0;0.0;7201536.21
001;AYUNTAMIENTO DE MADRID;6;ENAJENACIÓN DE INVERSIONES REALES;61000;VENTA DE LOCALES DE NEGOCIO;2568418.0;0.0;2568418.0;0.0
001;AYUNTAMIENTO DE MADRID;6;ENAJENACIÓN DE INVERSIONES REALES;61002;VENTA DE PLAZAS DE GARAJE;9100000.0;0.0;9100000.0;0.0
001;AYUNTAMIENTO DE MADRID;6;ENAJENACIÓN DE INVERSIONES REALES;68000;REINTEGROS DE PAGOS DE EJERCICIOS CERRADOS;4000000.0;0.0;4000000.0;10333210.9
001;AYUNTAMIENTO DE MADRID;7;TRANSFERENCIAS DE CAPITAL;71000;DE OO.AA. AYTO. MADRID;0.0;850000.0;850000.0;850000.0
001;AYUNTAMIENTO DE MADRID;7;TRANSFERENCIAS DE CAPITAL;72300;DE LA S.E. LOTERIAS Y AP. ESTADO;5000.0;0.0;5000.0;5000.0
001;AYUNTAMIENTO DE MADRID;7;TRANSFERENCIAS DE CAPITAL;76200;DE AYUNTAMIENTOS;0.0;0.0;0.0;396023.07
001;AYUNTAMIENTO DE MADRID;7;TRANSFERENCIAS DE CAPITAL;77099;OTRAS TRANSFERENCIAS DE EMPRESAS PRIVADAS;0.0;2638987.56;2638987.56;2638987.56
001;AYUNTAMIENTO DE MADRID;7;TRANSFERENCIAS DE CAPITAL;78003;DE LA FUNDACIÓN ESPECIAL CAJAMADRID;0.0;0.0;0.0;11133.51
001;AYUNTAMIENTO DE MADRID;7;TRANSFERENCIAS DE CAPITAL;79101;INICIATIVA URBAN (FEDER);3133585.0;0.0;3133585.0;0.0
001;AYUNTAMIENTO DE MADRID;7;TRANSFERENCIAS DE CAPITAL;79199;OTRAS TRANSFERENCIAS DEL FEDER;273926.0;0.0;273926.0;0.0
001;AYUNTAMIENTO DE MADRID;7;TRANSFERENCIAS DE CAPITAL;79299;OTRAS TRANSFERENCIAS DEL FONDO DE COHESIÓN;24572998.0;0.0;24572998.0;18512436.52
001;AYUNTAMIENTO DE MADRID;7;TRANSFERENCIAS DE CAPITAL;79700;PROGRAMA LIFE-SURE;0.0;68248.0;68248.0;68248.0
001;AYUNTAMIENTO DE MADRID;7;TRANSFERENCIAS DE CAPITAL;79799;OTRAS TRANSFERENCIAS DE LA UNIÓN EUROPEA;0.0;17836.45;17836.45;17836.45
001;AYUNTAMIENTO DE MADRID;8;ACTIVOS FINANCIEROS;83100;REINT. PR.FUERA S.P.A L/P;0.0;0.0;0.0;366733.08
001;AYUNTAMIENTO DE MADRID;8;ACTIVOS FINANCIEROS;87000;PARA GASTOS GENERALES;0.0;368871858.42;368871858.42;0.0
001;AYUNTAMIENTO DE MADRID;8;ACTIVOS FINANCIEROS;87010;PARA GASTOS CON FINANCIACIÓN AFECTADA;0.0;10197550.68;10197550.68;0.0
501;INFORMÁTICA AYUNTAMIENTO DE MADRID;3;TASAS Y OTROS INGRESOS;36000;VENTA DE EFECTOS INÚTILES;4500.0;0.0;4500.0;39837.35
501;INFORMÁTICA AYUNTAMIENTO DE MADRID;3;TASAS Y OTROS INGRESOS;38900;PAGOS DE  EJERCICIOS ANTERIORES;0.0;0.0;0.0;213926.66
501;INFORMÁTICA AYUNTAMIENTO DE MADRID;3;TASAS Y OTROS INGRESOS;39300;INTERESES DE DEMORA;0.0;0.0;0.0;17401.67
501;INFORMÁTICA AYUNTAMIENTO DE MADRID;3;TASAS Y OTROS INGRESOS;39800;INDEMNIZACIONES DE SEGUROS DE NO VIDA;0.0;0.0;0.0;5480.77
501;INFORMÁTICA AYUNTAMIENTO DE MADRID;3;TASAS Y OTROS INGRESOS;39906;IMPORTE ANUNCIOS A CARGO DE PARTICULARES;0.0;15412.82;15412.82;22900.79
501;INFORMÁTICA AYUNTAMIENTO DE MADRID;3;TASAS Y OTROS INGRESOS;39999;OTROS INGRESOS DIVERSOS;0.0;0.0;0.0;500.04
501;INFORMÁTICA AYUNTAMIENTO DE MADRID;4;TRANSFERENCIAS CORRIENTES;40000;DE LA ADM. GRAL. DEL AYUNTAMIENTO DE MADRID;79120709.0;525668.77;79646377.77;74187215.64
501;INFORMÁTICA AYUNTAMIENTO DE MADRID;5;INGRESOS PATRIMONIALES;52000;INTERESES CUENTAS EN BANCOS Y CAJAS DE AHORRO;50000.0;0.0;50000.0;49877.72
501;INFORMÁTICA AYUNTAMIENTO DE MADRID;7;TRANSFERENCIAS DE CAPITAL;70000;DE ADMON. GRAL. AYTO.MADR;13381385.0;2824002.28;16205387.28;11848761.16
501;INFORMÁTICA AYUNTAMIENTO DE MADRID;8;ACTIVOS FINANCIEROS;87000;PARA GASTOS GENERALES;0.0;3990912.78;3990912.78;0.0
503;AGENCIA PARA EL EMPLEO DE MADRID;3;TASAS Y OTROS INGRESOS;34900;CENTROS DE FORMACIÓN AGENCIA DE EMPLEO;9000.0;0.0;9000.0;1543.04
503;AGENCIA PARA EL EMPLEO DE MADRID;3;TASAS Y OTROS INGRESOS;38900;PAGOS DE  EJERCICIOS ANTERIORES;0.0;0.0;0.0;23112.78
503;AGENCIA PARA EL EMPLEO DE MADRID;3;TASAS Y OTROS INGRESOS;39300;INTERESES DE DEMORA;0.0;0.0;0.0;6.2
503;AGENCIA PARA EL EMPLEO DE MADRID;3;TASAS Y OTROS INGRESOS;39906;IMPORTE ANUNCIOS A CARGO DE PARTICULARES;0.0;0.0;0.0;3598.19
503;AGENCIA PARA EL EMPLEO DE MADRID;3;TASAS Y OTROS INGRESOS;39999;OTROS INGRESOS DIVERSOS;0.0;0.0;0.0;25204.69
503;AGENCIA PARA EL EMPLEO DE MADRID;4;TRANSFERENCIAS CORRIENTES;40000;DE LA ADM. GRAL. DEL AYUNTAMIENTO DE MADRID;24242132.0;-37656.68;24204475.32;22093532.89
503;AGENCIA PARA EL EMPLEO DE MADRID;4;TRANSFERENCIAS CORRIENTES;45051;C. DE MADRID. FORMACIÓN PROFES;436634.0;0.0;436634.0;283943.63
503;AGENCIA PARA EL EMPLEO DE MADRID;4;TRANSFERENCIAS CORRIENTES;45052;C. DE MADRID. ADSCRIPCIÓN EN C;747000.0;0.0;747000.0;749568.0
503;AGENCIA PARA EL EMPLEO DE MADRID;4;TRANSFERENCIAS CORRIENTES;45081;PROGRAMA INSERCIÓN LABORAL DESEMPLEADOS;1755500.0;0.0;1755500.0;2943373.64
503;AGENCIA PARA EL EMPLEO DE MADRID;4;TRANSFERENCIAS CORRIENTES;45150;DEL SERE. FORM. PROF. PARA EL EMPLEO. CONVENIO;0.0;0.0;0.0;-2864.0
503;AGENCIA PARA EL EMPLEO DE MADRID;4;TRANSFERENCIAS CORRIENTES;45153;DEL SERE. PROGRAMA DE OBRAS Y SERVICIOS (POS);0.0;0.0;0.0;3086.82
503;AGENCIA PARA EL EMPLEO DE MADRID;4;TRANSFERENCIAS CORRIENTES;49099;OTRAS TRANSFERENCIAS DEL FONDO SOCIAL EUROPEO;0.0;0.0;0.0;15649.05
503;AGENCIA PARA EL EMPLEO DE MADRID;5;INGRESOS PATRIMONIALES;52000;INTERESES CUENTAS EN BANCOS Y CAJAS DE AHORRO;3000.0;0.0;3000.0;65.17
503;AGENCIA PARA EL EMPLEO DE MADRID;7;TRANSFERENCIAS DE CAPITAL;70000;DE ADMON. GRAL. AYTO.MADR;301675.0;-82700.0;218975.0;88922.6
503;AGENCIA PARA EL EMPLEO DE MADRID;8;ACTIVOS FINANCIEROS;87000;PARA GASTOS GENERALES;0.0;1976844.81;1976844.81;0.0
506;AGENCIA TRIBUTARIA MADRID;3;TASAS Y OTROS INGRESOS;38900;PAGOS DE  EJERCICIOS ANTERIORES;0.0;0.0;0.0;15197.12
506;AGENCIA TRIBUTARIA MADRID;3;TASAS Y OTROS INGRESOS;39906;IMPORTE ANUNCIOS A CARGO DE PARTICULARES;0.0;0.0;0.0;2289.06
506;AGENCIA TRIBUTARIA MADRID;3;TASAS Y OTROS INGRESOS;39999;OTROS INGRESOS DIVERSOS;2000.0;0.0;2000.0;3063.48
506;AGENCIA TRIBUTARIA MADRID;4;TRANSFERENCIAS CORRIENTES;40000;DE LA ADM. GRAL. DEL AYUNTAMIENTO DE MADRID;51707563.0;495644.92;52203207.92;51047907.98
506;AGENCIA TRIBUTARIA MADRID;5;INGRESOS PATRIMONIALES;52000;INTERESES CUENTAS EN BANCOS Y CAJAS DE AHORRO;1200.0;0.0;1200.0;2536.37
506;AGENCIA TRIBUTARIA MADRID;5;INGRESOS PATRIMONIALES;55032;CANON MÁQUINAS VENDING EN INST.MUNICIPALES;1000.0;0.0;1000.0;4714.36
506;AGENCIA TRIBUTARIA MADRID;7;TRANSFERENCIAS DE CAPITAL;70000;DE ADMON. GRAL. AYTO.MADR;195819.0;-100000.0;95819.0;38740.49
506;AGENCIA TRIBUTARIA MADRID;8;ACTIVOS FINANCIEROS;87000;PARA GASTOS GENERALES;0.0;926317.5;926317.5;0.0
508;MADRID SALUD;3;TASAS Y OTROS INGRESOS;30500;SERVICIOS DE HIGIENE Y SALUD PÚBLICA;120806.0;0.0;120806.0;168307.53
508;MADRID SALUD;3;TASAS Y OTROS INGRESOS;34100;ASESORAMIENTO SANITARIO Y VACUNAS;151160.0;0.0;151160.0;155230.49
508;MADRID SALUD;3;TASAS Y OTROS INGRESOS;34101;ANÁLISIS CLÍNICOS;3101.0;0.0;3101.0;10350.59
508;MADRID SALUD;3;TASAS Y OTROS INGRESOS;34202;ESCUELA DE SALUD PÚBLICA;7494.0;0.0;7494.0;8618.1
508;MADRID SALUD;3;TASAS Y OTROS INGRESOS;38900;PAGOS DE  EJERCICIOS ANTERIORES;0.0;0.0;0.0;19827.74
508;MADRID SALUD;3;TASAS Y OTROS INGRESOS;39190;OTRAS MULTAS Y SANCIONES;2300000.0;0.0;2300000.0;14878344.52
508;MADRID SALUD;3;TASAS Y OTROS INGRESOS;39300;INTERESES DE DEMORA;31003.0;0.0;31003.0;125304.94
508;MADRID SALUD;3;TASAS Y OTROS INGRESOS;39800;INDEMNIZACIONES DE SEGUROS DE NO VIDA;0.0;0.0;0.0;1791.46
508;MADRID SALUD;3;TASAS Y OTROS INGRESOS;39999;OTROS INGRESOS DIVERSOS;0.0;0.0;0.0;100092.94
508;MADRID SALUD;4;TRANSFERENCIAS CORRIENTES;40000;DE LA ADM. GRAL. DEL AYUNTAMIENTO DE MADRID;78496772.0;-424126.92;78072645.08;78047709.72
508;MADRID SALUD;4;TRANSFERENCIAS CORRIENTES;42090;OTRAS TRANSFERENCIAS DE LA A.GRAL. DEL ESTADO;0.0;172026.0;172026.0;172026.0
508;MADRID SALUD;4;TRANSFERENCIAS CORRIENTES;47099;OTRAS TRANSFERENCIAS DE EMPRESAS PRIVADAS;0.0;13000.0;13000.0;13000.0
508;MADRID SALUD;4;TRANSFERENCIAS CORRIENTES;48099;O.TRANSF. FAMILIAS E ISFL;0.0;17259.38;17259.38;17259.38
508;MADRID SALUD;4;TRANSFERENCIAS CORRIENTES;49899;DE OTROS PROGRAMAS DE LA UNIÓN EUROPEA;0.0;17019.83;17019.83;17019.83
508;MADRID SALUD;5;INGRESOS PATRIMONIALES;52000;INTERESES CUENTAS EN BANCOS Y CAJAS DE AHORRO;7494.0;0.0;7494.0;374.5
508;MADRID SALUD;7;TRANSFERENCIAS DE CAPITAL;70000;DE ADMON. GRAL. AYTO.MADR;487948.0;0.0;487948.0;487948.0
508;MADRID SALUD;8;ACTIVOS FINANCIEROS;87000;PARA GASTOS GENERALES;0.0;9428485.36;9428485.36;0.0
509;AGENCIA DE ACTIVIDADES;3;TASAS Y OTROS INGRESOS;38900;PAGOS DE  EJERCICIOS ANTERIORES;0.0;0.0;0.0;6391.51
509;AGENCIA DE ACTIVIDADES;3;TASAS Y OTROS INGRESOS;39999;OTROS INGRESOS DIVERSOS;0.0;0.0;0.0;1000.08
509;AGENCIA DE ACTIVIDADES;4;TRANSFERENCIAS CORRIENTES;40000;DE LA ADM. GRAL. DEL AYUNTAMIENTO DE MADRID;14380599.0;-1353201.95;13027397.05;12912336.9
509;AGENCIA DE ACTIVIDADES;5;INGRESOS PATRIMONIALES;52000;INTERESES CUENTAS EN BANCOS Y CAJAS DE AHORRO;1200.0;0.0;1200.0;12.1
509;AGENCIA DE ACTIVIDADES;7;TRANSFERENCIAS DE CAPITAL;70000;DE ADMON. GRAL. AYTO.MADR;22496.0;0.0;22496.0;0.0
509;AGENCIA DE ACTIVIDADES;8;ACTIVOS FINANCIEROS;87000;PARA GASTOS GENERALES;0.0;13576.4;13576.4;0.0
